train,train_label,val,val_label,test,test_label
a1978f8e-357f-11eb-847c-001a7dda7111,,a1978f8e-357f-11eb-847c-001a7dda7111,,a1978f8e-357f-11eb-847c-001a7dda7111,
a198056e-357f-11eb-8922-001a7dda7111,,a198056e-357f-11eb-8922-001a7dda7111,,a198056e-357f-11eb-8922-001a7dda7111,
a1959419-357f-11eb-b848-001a7dda7111,,a1959419-357f-11eb-b848-001a7dda7111,,a1959419-357f-11eb-b848-001a7dda7111,
a1963080-357f-11eb-b9e6-001a7dda7111,,a1963080-357f-11eb-b9e6-001a7dda7111,,a1963080-357f-11eb-b9e6-001a7dda7111,
a197de14-357f-11eb-ba4d-001a7dda7111,,a197de14-357f-11eb-ba4d-001a7dda7111,,a197de14-357f-11eb-ba4d-001a7dda7111,
a197b6d4-357f-11eb-8e4d-001a7dda7111,,a197b6d4-357f-11eb-8e4d-001a7dda7111,,a197b6d4-357f-11eb-8e4d-001a7dda7111,
a195bb4e-357f-11eb-99dd-001a7dda7111,,a195bb4e-357f-11eb-99dd-001a7dda7111,,a195bb4e-357f-11eb-99dd-001a7dda7111,
a197689a-357f-11eb-a0a6-001a7dda7111,,a197689a-357f-11eb-a0a6-001a7dda7111,,a197689a-357f-11eb-a0a6-001a7dda7111,
a1982ca2-357f-11eb-9c51-001a7dda7111,,a1982ca2-357f-11eb-9c51-001a7dda7111,,a1982ca2-357f-11eb-9c51-001a7dda7111,
a19805a8-357f-11eb-a95f-001a7dda7111,,a19805a8-357f-11eb-a95f-001a7dda7111,,a19805a8-357f-11eb-a95f-001a7dda7111,
a196f396-357f-11eb-92a6-001a7dda7111,,a196f396-357f-11eb-92a6-001a7dda7111,,a196f396-357f-11eb-92a6-001a7dda7111,
a197ddd3-357f-11eb-a02c-001a7dda7111,,a197ddd3-357f-11eb-a02c-001a7dda7111,,a197ddd3-357f-11eb-a02c-001a7dda7111,
a1962ff4-357f-11eb-b135-001a7dda7111,,a1962ff4-357f-11eb-b135-001a7dda7111,,a1962ff4-357f-11eb-b135-001a7dda7111,
a1963030-357f-11eb-ad27-001a7dda7111,,a1963030-357f-11eb-ad27-001a7dda7111,,a1963030-357f-11eb-ad27-001a7dda7111,
a1980557-357f-11eb-9c85-001a7dda7111,,a1980557-357f-11eb-9c85-001a7dda7111,,a1980557-357f-11eb-9c85-001a7dda7111,
a196a5a4-357f-11eb-8c79-001a7dda7111,,a196a5a4-357f-11eb-8c79-001a7dda7111,,a196a5a4-357f-11eb-8c79-001a7dda7111,
a196cc81-357f-11eb-878a-001a7dda7111,,a196cc81-357f-11eb-878a-001a7dda7111,,a196cc81-357f-11eb-878a-001a7dda7111,
a195e218-357f-11eb-907e-001a7dda7111,,a195e218-357f-11eb-907e-001a7dda7111,,a195e218-357f-11eb-907e-001a7dda7111,
a195e1d4-357f-11eb-ae49-001a7dda7111,,a195e1d4-357f-11eb-ae49-001a7dda7111,,a195e1d4-357f-11eb-ae49-001a7dda7111,
a19608fd-357f-11eb-8d12-001a7dda7111,,a19608fd-357f-11eb-8d12-001a7dda7111,,a19608fd-357f-11eb-8d12-001a7dda7111,
a197ddda-357f-11eb-be61-001a7dda7111,,a197ddda-357f-11eb-be61-001a7dda7111,,a197ddda-357f-11eb-be61-001a7dda7111,
a1980559-357f-11eb-befd-001a7dda7111,,a1980559-357f-11eb-befd-001a7dda7111,,a1980559-357f-11eb-befd-001a7dda7111,
a195bac4-357f-11eb-94d4-001a7dda7111,,a195bac4-357f-11eb-94d4-001a7dda7111,,a195bac4-357f-11eb-94d4-001a7dda7111,
a1982c6a-357f-11eb-9ec7-001a7dda7111,,a1982c6a-357f-11eb-9ec7-001a7dda7111,,a1982c6a-357f-11eb-9ec7-001a7dda7111,
a197ddfb-357f-11eb-aeeb-001a7dda7111,,a197ddfb-357f-11eb-aeeb-001a7dda7111,,a197ddfb-357f-11eb-aeeb-001a7dda7111,
a1951e9d-357f-11eb-a743-001a7dda7111,,a1951e9d-357f-11eb-a743-001a7dda7111,,a1951e9d-357f-11eb-a743-001a7dda7111,
a1976885-357f-11eb-8be2-001a7dda7111,,a1976885-357f-11eb-8be2-001a7dda7111,,a1976885-357f-11eb-8be2-001a7dda7111,
a1965797-357f-11eb-bdba-001a7dda7111,,a1965797-357f-11eb-bdba-001a7dda7111,,a1965797-357f-11eb-bdba-001a7dda7111,
a1956cd0-357f-11eb-9894-001a7dda7111,,a1956cd0-357f-11eb-9894-001a7dda7111,,a1956cd0-357f-11eb-9894-001a7dda7111,
a194f784-357f-11eb-9bda-001a7dda7111,,a194f784-357f-11eb-9bda-001a7dda7111,,a194f784-357f-11eb-9bda-001a7dda7111,
a197dde2-357f-11eb-aa67-001a7dda7111,,a197dde2-357f-11eb-aa67-001a7dda7111,,a197dde2-357f-11eb-aa67-001a7dda7111,
a1951ed4-357f-11eb-b88a-001a7dda7111,,a1951ed4-357f-11eb-b88a-001a7dda7111,,a1951ed4-357f-11eb-b88a-001a7dda7111,
a19805ad-357f-11eb-85dc-001a7dda7111,,a19805ad-357f-11eb-85dc-001a7dda7111,,a19805ad-357f-11eb-85dc-001a7dda7111,
a1967e68-357f-11eb-96dc-001a7dda7111,,a1967e68-357f-11eb-96dc-001a7dda7111,,a1967e68-357f-11eb-96dc-001a7dda7111,
a1960916-357f-11eb-a1ad-001a7dda7111,,a1960916-357f-11eb-a1ad-001a7dda7111,,a1960916-357f-11eb-a1ad-001a7dda7111,
a197ddd8-357f-11eb-b969-001a7dda7111,,a197ddd8-357f-11eb-b969-001a7dda7111,,a197ddd8-357f-11eb-b969-001a7dda7111,
a196a5be-357f-11eb-b81a-001a7dda7111,,a196a5be-357f-11eb-b81a-001a7dda7111,,a196a5be-357f-11eb-b81a-001a7dda7111,
a196a588-357f-11eb-b2ff-001a7dda7111,,a196a588-357f-11eb-b2ff-001a7dda7111,,a196a588-357f-11eb-b2ff-001a7dda7111,
a196f3b3-357f-11eb-8493-001a7dda7111,,a196f3b3-357f-11eb-8493-001a7dda7111,,a196f3b3-357f-11eb-8493-001a7dda7111,
a1971acf-357f-11eb-9081-001a7dda7111,,a1971acf-357f-11eb-9081-001a7dda7111,,a1971acf-357f-11eb-9081-001a7dda7111,
a1982be5-357f-11eb-84d2-001a7dda7111,,a1982be5-357f-11eb-84d2-001a7dda7111,,a1982be5-357f-11eb-84d2-001a7dda7111,
a197b6f5-357f-11eb-85e9-001a7dda7111,,a197b6f5-357f-11eb-85e9-001a7dda7111,,a197b6f5-357f-11eb-85e9-001a7dda7111,
a19656f8-357f-11eb-85f7-001a7dda7111,,a19656f8-357f-11eb-85f7-001a7dda7111,,a19656f8-357f-11eb-85f7-001a7dda7111,
a196f391-357f-11eb-b7f0-001a7dda7111,,a196f391-357f-11eb-b7f0-001a7dda7111,,a196f391-357f-11eb-b7f0-001a7dda7111,
a196cc64-357f-11eb-bb28-001a7dda7111,,a196cc64-357f-11eb-bb28-001a7dda7111,,a196cc64-357f-11eb-bb28-001a7dda7111,
a19804f3-357f-11eb-a639-001a7dda7111,,a19804f3-357f-11eb-a639-001a7dda7111,,a19804f3-357f-11eb-a639-001a7dda7111,
a19804c3-357f-11eb-a40f-001a7dda7111,,a19804c3-357f-11eb-a40f-001a7dda7111,,a19804c3-357f-11eb-a40f-001a7dda7111,
a1978fde-357f-11eb-960c-001a7dda7111,,a1978fde-357f-11eb-960c-001a7dda7111,,a1978fde-357f-11eb-960c-001a7dda7111,
a194f78d-357f-11eb-a5e4-001a7dda7111,,a194f78d-357f-11eb-a5e4-001a7dda7111,,a194f78d-357f-11eb-a5e4-001a7dda7111,
a1951ea5-357f-11eb-a411-001a7dda7111,,a1951ea5-357f-11eb-a411-001a7dda7111,,a1951ea5-357f-11eb-a411-001a7dda7111,
a1960913-357f-11eb-9740-001a7dda7111,,a1960913-357f-11eb-9740-001a7dda7111,,a1960913-357f-11eb-9740-001a7dda7111,
a1956d02-357f-11eb-a8b9-001a7dda7111,,a1956d02-357f-11eb-a8b9-001a7dda7111,,a1956d02-357f-11eb-a8b9-001a7dda7111,
a19545d2-357f-11eb-a151-001a7dda7111,,a19545d2-357f-11eb-a151-001a7dda7111,,a19545d2-357f-11eb-a151-001a7dda7111,
a1965798-357f-11eb-bfa0-001a7dda7111,,a1965798-357f-11eb-bfa0-001a7dda7111,,a1965798-357f-11eb-bfa0-001a7dda7111,
a1982c74-357f-11eb-b7d8-001a7dda7111,,a1982c74-357f-11eb-b7d8-001a7dda7111,,a1982c74-357f-11eb-b7d8-001a7dda7111,
a197b6ba-357f-11eb-b4f2-001a7dda7111,,a197b6ba-357f-11eb-b4f2-001a7dda7111,,a197b6ba-357f-11eb-b4f2-001a7dda7111,
a197ddbb-357f-11eb-963b-001a7dda7111,,a197ddbb-357f-11eb-963b-001a7dda7111,,a197ddbb-357f-11eb-963b-001a7dda7111,
a197ddc4-357f-11eb-a882-001a7dda7111,,a197ddc4-357f-11eb-a882-001a7dda7111,,a197ddc4-357f-11eb-a882-001a7dda7111,
a1951efd-357f-11eb-ac28-001a7dda7111,,a1951efd-357f-11eb-ac28-001a7dda7111,,a1951efd-357f-11eb-ac28-001a7dda7111,
a1978fc5-357f-11eb-9546-001a7dda7111,,a1978fc5-357f-11eb-9546-001a7dda7111,,a1978fc5-357f-11eb-9546-001a7dda7111,
a1956cbb-357f-11eb-a8a0-001a7dda7111,,a1956cbb-357f-11eb-a8a0-001a7dda7111,,a1956cbb-357f-11eb-a8a0-001a7dda7111,
a1963032-357f-11eb-bfeb-001a7dda7111,,a1963032-357f-11eb-bfeb-001a7dda7111,,a1963032-357f-11eb-bfeb-001a7dda7111,
a1951f22-357f-11eb-a9d7-001a7dda7111,,a1951f22-357f-11eb-a9d7-001a7dda7111,,a1951f22-357f-11eb-a9d7-001a7dda7111,
a1951e90-357f-11eb-95e4-001a7dda7111,,a1951e90-357f-11eb-95e4-001a7dda7111,,a1951e90-357f-11eb-95e4-001a7dda7111,
a197ddd9-357f-11eb-8555-001a7dda7111,,a197ddd9-357f-11eb-8555-001a7dda7111,,a197ddd9-357f-11eb-8555-001a7dda7111,
a19805a5-357f-11eb-96b2-001a7dda7111,,a19805a5-357f-11eb-96b2-001a7dda7111,,a19805a5-357f-11eb-96b2-001a7dda7111,
a197b6a7-357f-11eb-bd07-001a7dda7111,,a197b6a7-357f-11eb-bd07-001a7dda7111,,a197b6a7-357f-11eb-bd07-001a7dda7111,
a1963036-357f-11eb-baa0-001a7dda7111,,a1963036-357f-11eb-baa0-001a7dda7111,,a1963036-357f-11eb-baa0-001a7dda7111,
a196575c-357f-11eb-9dff-001a7dda7111,,a196575c-357f-11eb-9dff-001a7dda7111,,a196575c-357f-11eb-9dff-001a7dda7111,
a19805b7-357f-11eb-b752-001a7dda7111,,a19805b7-357f-11eb-b752-001a7dda7111,,a19805b7-357f-11eb-b752-001a7dda7111,
a1982c91-357f-11eb-95f1-001a7dda7111,,a1982c91-357f-11eb-95f1-001a7dda7111,,a1982c91-357f-11eb-95f1-001a7dda7111,
a1971aa6-357f-11eb-bf43-001a7dda7111,,a1971aa6-357f-11eb-bf43-001a7dda7111,,a1971aa6-357f-11eb-bf43-001a7dda7111,
a1967e8d-357f-11eb-8c1b-001a7dda7111,,a1967e8d-357f-11eb-8c1b-001a7dda7111,,a1967e8d-357f-11eb-8c1b-001a7dda7111,
a19741b2-357f-11eb-a945-001a7dda7111,,a19741b2-357f-11eb-a945-001a7dda7111,,a19741b2-357f-11eb-a945-001a7dda7111,
a19804f8-357f-11eb-8d08-001a7dda7111,,a19804f8-357f-11eb-8d08-001a7dda7111,,a19804f8-357f-11eb-8d08-001a7dda7111,
a197ddd7-357f-11eb-8614-001a7dda7111,,a197ddd7-357f-11eb-8614-001a7dda7111,,a197ddd7-357f-11eb-8614-001a7dda7111,
a196a537-357f-11eb-8f70-001a7dda7111,,a196a537-357f-11eb-8f70-001a7dda7111,,a196a537-357f-11eb-8f70-001a7dda7111,
a1960968-357f-11eb-b931-001a7dda7111,,a1960968-357f-11eb-b931-001a7dda7111,,a1960968-357f-11eb-b931-001a7dda7111,
a195e250-357f-11eb-94fc-001a7dda7111,,a195e250-357f-11eb-94fc-001a7dda7111,,a195e250-357f-11eb-94fc-001a7dda7111,
a1982cbe-357f-11eb-857a-001a7dda7111,,a1982cbe-357f-11eb-857a-001a7dda7111,,a1982cbe-357f-11eb-857a-001a7dda7111,
a196cc6b-357f-11eb-9ea0-001a7dda7111,,a196cc6b-357f-11eb-9ea0-001a7dda7111,,a196cc6b-357f-11eb-9ea0-001a7dda7111,
a195e1d3-357f-11eb-86d9-001a7dda7111,,a195e1d3-357f-11eb-86d9-001a7dda7111,,a195e1d3-357f-11eb-86d9-001a7dda7111,
a1982c95-357f-11eb-a2ad-001a7dda7111,,a1982c95-357f-11eb-a2ad-001a7dda7111,,a1982c95-357f-11eb-a2ad-001a7dda7111,
a197b6d6-357f-11eb-96e4-001a7dda7111,,a197b6d6-357f-11eb-96e4-001a7dda7111,,a197b6d6-357f-11eb-96e4-001a7dda7111,
a19741d2-357f-11eb-9cf2-001a7dda7111,,a19741d2-357f-11eb-9cf2-001a7dda7111,,a19741d2-357f-11eb-9cf2-001a7dda7111,
a19545c4-357f-11eb-8261-001a7dda7111,,a19545c4-357f-11eb-8261-001a7dda7111,,a19545c4-357f-11eb-8261-001a7dda7111,
a196f36b-357f-11eb-818a-001a7dda7111,,a196f36b-357f-11eb-818a-001a7dda7111,,a196f36b-357f-11eb-818a-001a7dda7111,
a197b6a8-357f-11eb-84df-001a7dda7111,,a197b6a8-357f-11eb-84df-001a7dda7111,,a197b6a8-357f-11eb-84df-001a7dda7111,
a195e1db-357f-11eb-82c7-001a7dda7111,,a195e1db-357f-11eb-82c7-001a7dda7111,,a195e1db-357f-11eb-82c7-001a7dda7111,
a197b6da-357f-11eb-b48b-001a7dda7111,,a197b6da-357f-11eb-b48b-001a7dda7111,,a197b6da-357f-11eb-b48b-001a7dda7111,
a1951ed2-357f-11eb-be71-001a7dda7111,,a1951ed2-357f-11eb-be71-001a7dda7111,,a1951ed2-357f-11eb-be71-001a7dda7111,
a196a595-357f-11eb-83e9-001a7dda7111,,a196a595-357f-11eb-83e9-001a7dda7111,,a196a595-357f-11eb-83e9-001a7dda7111,
a1982c19-357f-11eb-b102-001a7dda7111,,a1982c19-357f-11eb-b102-001a7dda7111,,a1982c19-357f-11eb-b102-001a7dda7111,
a1978fcf-357f-11eb-95f8-001a7dda7111,,a1978fcf-357f-11eb-95f8-001a7dda7111,,a1978fcf-357f-11eb-95f8-001a7dda7111,
a19804d9-357f-11eb-a0a1-001a7dda7111,,a19804d9-357f-11eb-a0a1-001a7dda7111,,a19804d9-357f-11eb-a0a1-001a7dda7111,
a195e223-357f-11eb-a41f-001a7dda7111,,a195e223-357f-11eb-a41f-001a7dda7111,,a195e223-357f-11eb-a41f-001a7dda7111,
a1982cc6-357f-11eb-a3b0-001a7dda7111,,a1982cc6-357f-11eb-a3b0-001a7dda7111,,a1982cc6-357f-11eb-a3b0-001a7dda7111,
a1960987-357f-11eb-abc9-001a7dda7111,,a1960987-357f-11eb-abc9-001a7dda7111,,a1960987-357f-11eb-abc9-001a7dda7111,
a195e242-357f-11eb-a382-001a7dda7111,,a195e242-357f-11eb-a382-001a7dda7111,,a195e242-357f-11eb-a382-001a7dda7111,
a1982bf7-357f-11eb-ad6c-001a7dda7111,,a1982bf7-357f-11eb-ad6c-001a7dda7111,,a1982bf7-357f-11eb-ad6c-001a7dda7111,
a1971ab4-357f-11eb-804b-001a7dda7111,,a1971ab4-357f-11eb-804b-001a7dda7111,,a1971ab4-357f-11eb-804b-001a7dda7111,
a19657c9-357f-11eb-b8f8-001a7dda7111,,a19657c9-357f-11eb-b8f8-001a7dda7111,,a19657c9-357f-11eb-b8f8-001a7dda7111,
a1951ea3-357f-11eb-8af2-001a7dda7111,,a1951ea3-357f-11eb-8af2-001a7dda7111,,a1951ea3-357f-11eb-8af2-001a7dda7111,
a196cc90-357f-11eb-9132-001a7dda7111,,a196cc90-357f-11eb-9132-001a7dda7111,,a196cc90-357f-11eb-9132-001a7dda7111,
a195e1ef-357f-11eb-b7e2-001a7dda7111,,a195e1ef-357f-11eb-b7e2-001a7dda7111,,a195e1ef-357f-11eb-b7e2-001a7dda7111,
a195bb2b-357f-11eb-9fcc-001a7dda7111,,a195bb2b-357f-11eb-9fcc-001a7dda7111,,a195bb2b-357f-11eb-9fcc-001a7dda7111,
a196f377-357f-11eb-a69b-001a7dda7111,,a196f377-357f-11eb-a69b-001a7dda7111,,a196f377-357f-11eb-a69b-001a7dda7111,
a196a5a7-357f-11eb-841f-001a7dda7111,,a196a5a7-357f-11eb-841f-001a7dda7111,,a196a5a7-357f-11eb-841f-001a7dda7111,
a19608e9-357f-11eb-8ff2-001a7dda7111,,a19608e9-357f-11eb-8ff2-001a7dda7111,,a19608e9-357f-11eb-8ff2-001a7dda7111,
a195bb21-357f-11eb-b912-001a7dda7111,,a195bb21-357f-11eb-b912-001a7dda7111,,a195bb21-357f-11eb-b912-001a7dda7111,
a1978ff3-357f-11eb-b708-001a7dda7111,,a1978ff3-357f-11eb-b708-001a7dda7111,,a1978ff3-357f-11eb-b708-001a7dda7111,
a198059d-357f-11eb-9f22-001a7dda7111,,a198059d-357f-11eb-9f22-001a7dda7111,,a198059d-357f-11eb-9f22-001a7dda7111,
a1971aae-357f-11eb-b2f2-001a7dda7111,,a1971aae-357f-11eb-b2f2-001a7dda7111,,a1971aae-357f-11eb-b2f2-001a7dda7111,
a196a5a5-357f-11eb-ac50-001a7dda7111,,a196a5a5-357f-11eb-ac50-001a7dda7111,,a196a5a5-357f-11eb-ac50-001a7dda7111,
a1982cbc-357f-11eb-a71d-001a7dda7111,,a1982cbc-357f-11eb-a71d-001a7dda7111,,a1982cbc-357f-11eb-a71d-001a7dda7111,
a196570d-357f-11eb-a851-001a7dda7111,,a196570d-357f-11eb-a851-001a7dda7111,,a196570d-357f-11eb-a851-001a7dda7111,
a1978fa7-357f-11eb-8df5-001a7dda7111,,a1978fa7-357f-11eb-8df5-001a7dda7111,,a1978fa7-357f-11eb-8df5-001a7dda7111,
a197b6f0-357f-11eb-8adf-001a7dda7111,,a197b6f0-357f-11eb-8adf-001a7dda7111,,a197b6f0-357f-11eb-8adf-001a7dda7111,
a19768ae-357f-11eb-9195-001a7dda7111,,a19768ae-357f-11eb-9195-001a7dda7111,,a19768ae-357f-11eb-9195-001a7dda7111,
a195bb27-357f-11eb-93cc-001a7dda7111,,a195bb27-357f-11eb-93cc-001a7dda7111,,a195bb27-357f-11eb-93cc-001a7dda7111,
a19609bf-357f-11eb-a7de-001a7dda7111,,a19609bf-357f-11eb-a7de-001a7dda7111,,a19609bf-357f-11eb-a7de-001a7dda7111,
a196578c-357f-11eb-b6d9-001a7dda7111,,a196578c-357f-11eb-b6d9-001a7dda7111,,a196578c-357f-11eb-b6d9-001a7dda7111,
a1963088-357f-11eb-907f-001a7dda7111,,a1963088-357f-11eb-907f-001a7dda7111,,a1963088-357f-11eb-907f-001a7dda7111,
a1978f92-357f-11eb-b6e9-001a7dda7111,,a1978f92-357f-11eb-b6e9-001a7dda7111,,a1978f92-357f-11eb-b6e9-001a7dda7111,
a1982bde-357f-11eb-bc62-001a7dda7111,,a1982bde-357f-11eb-bc62-001a7dda7111,,a1982bde-357f-11eb-bc62-001a7dda7111,
a19805ac-357f-11eb-a8ce-001a7dda7111,,a19805ac-357f-11eb-a8ce-001a7dda7111,,a19805ac-357f-11eb-a8ce-001a7dda7111,
a1965720-357f-11eb-ab88-001a7dda7111,,a1965720-357f-11eb-ab88-001a7dda7111,,a1965720-357f-11eb-ab88-001a7dda7111,
a1962ff0-357f-11eb-8aff-001a7dda7111,,a1962ff0-357f-11eb-8aff-001a7dda7111,,a1962ff0-357f-11eb-8aff-001a7dda7111,
a1980570-357f-11eb-b945-001a7dda7111,,a1980570-357f-11eb-b945-001a7dda7111,,a1980570-357f-11eb-b945-001a7dda7111,
a1971a82-357f-11eb-90bd-001a7dda7111,,a1971a82-357f-11eb-90bd-001a7dda7111,,a1971a82-357f-11eb-90bd-001a7dda7111,
a1978fb3-357f-11eb-928a-001a7dda7111,,a1978fb3-357f-11eb-928a-001a7dda7111,,a1978fb3-357f-11eb-928a-001a7dda7111,
a19768c6-357f-11eb-b584-001a7dda7111,,a19768c6-357f-11eb-b584-001a7dda7111,,a19768c6-357f-11eb-b584-001a7dda7111,
a1982be2-357f-11eb-8825-001a7dda7111,,a1982be2-357f-11eb-8825-001a7dda7111,,a1982be2-357f-11eb-8825-001a7dda7111,
a1960949-357f-11eb-8e9f-001a7dda7111,,a1960949-357f-11eb-8e9f-001a7dda7111,,a1960949-357f-11eb-8e9f-001a7dda7111,
a1956cdc-357f-11eb-9efe-001a7dda7111,,a1956cdc-357f-11eb-9efe-001a7dda7111,,a1956cdc-357f-11eb-9efe-001a7dda7111,
a19804b4-357f-11eb-90dd-001a7dda7111,,a19804b4-357f-11eb-90dd-001a7dda7111,,a19804b4-357f-11eb-90dd-001a7dda7111,
a1967e83-357f-11eb-81f1-001a7dda7111,,a1967e83-357f-11eb-81f1-001a7dda7111,,a1967e83-357f-11eb-81f1-001a7dda7111,
a197ddb7-357f-11eb-a33e-001a7dda7111,,a197ddb7-357f-11eb-a33e-001a7dda7111,,a197ddb7-357f-11eb-a33e-001a7dda7111,
a1982c7b-357f-11eb-a670-001a7dda7111,,a1982c7b-357f-11eb-a670-001a7dda7111,,a1982c7b-357f-11eb-a670-001a7dda7111,
a198059c-357f-11eb-8021-001a7dda7111,,a198059c-357f-11eb-8021-001a7dda7111,,a198059c-357f-11eb-8021-001a7dda7111,
a196f39a-357f-11eb-adb3-001a7dda7111,,a196f39a-357f-11eb-adb3-001a7dda7111,,a196f39a-357f-11eb-adb3-001a7dda7111,
a196a54c-357f-11eb-b284-001a7dda7111,,a196a54c-357f-11eb-b284-001a7dda7111,,a196a54c-357f-11eb-b284-001a7dda7111,
a1982c65-357f-11eb-8043-001a7dda7111,,a1982c65-357f-11eb-8043-001a7dda7111,,a1982c65-357f-11eb-8043-001a7dda7111,
a1951e91-357f-11eb-b9dd-001a7dda7111,,a1951e91-357f-11eb-b9dd-001a7dda7111,,a1951e91-357f-11eb-b9dd-001a7dda7111,
a19768cd-357f-11eb-9458-001a7dda7111,,a19768cd-357f-11eb-9458-001a7dda7111,,a19768cd-357f-11eb-9458-001a7dda7111,
a196f36f-357f-11eb-a625-001a7dda7111,,a196f36f-357f-11eb-a625-001a7dda7111,,a196f36f-357f-11eb-a625-001a7dda7111,
a1967ea3-357f-11eb-8443-001a7dda7111,,a1967ea3-357f-11eb-8443-001a7dda7111,,a1967ea3-357f-11eb-8443-001a7dda7111,
a197ddfd-357f-11eb-836d-001a7dda7111,,a197ddfd-357f-11eb-836d-001a7dda7111,,a197ddfd-357f-11eb-836d-001a7dda7111,
a1978f87-357f-11eb-a068-001a7dda7111,,a1978f87-357f-11eb-a068-001a7dda7111,,a1978f87-357f-11eb-a068-001a7dda7111,
a1960936-357f-11eb-98e1-001a7dda7111,,a1960936-357f-11eb-98e1-001a7dda7111,,a1960936-357f-11eb-98e1-001a7dda7111,
a1951e94-357f-11eb-ba5a-001a7dda7111,,a1951e94-357f-11eb-ba5a-001a7dda7111,,a1951e94-357f-11eb-ba5a-001a7dda7111,
a19545fa-357f-11eb-96de-001a7dda7111,,a19545fa-357f-11eb-96de-001a7dda7111,,a19545fa-357f-11eb-96de-001a7dda7111,
a194f782-357f-11eb-b41e-001a7dda7111,,a194f782-357f-11eb-b41e-001a7dda7111,,a194f782-357f-11eb-b41e-001a7dda7111,
a19545f8-357f-11eb-be6f-001a7dda7111,,a19545f8-357f-11eb-be6f-001a7dda7111,,a19545f8-357f-11eb-be6f-001a7dda7111,
a19741b1-357f-11eb-9d32-001a7dda7111,,a19741b1-357f-11eb-9d32-001a7dda7111,,a19741b1-357f-11eb-9d32-001a7dda7111,
a1951eaa-357f-11eb-8086-001a7dda7111,,a1951eaa-357f-11eb-8086-001a7dda7111,,a1951eaa-357f-11eb-8086-001a7dda7111,
a1951eba-357f-11eb-9519-001a7dda7111,,a1951eba-357f-11eb-9519-001a7dda7111,,a1951eba-357f-11eb-9519-001a7dda7111,
a1982c9c-357f-11eb-8538-001a7dda7111,,a1982c9c-357f-11eb-8538-001a7dda7111,,a1982c9c-357f-11eb-8538-001a7dda7111,
a1976893-357f-11eb-afb5-001a7dda7111,,a1976893-357f-11eb-afb5-001a7dda7111,,a1976893-357f-11eb-afb5-001a7dda7111,
a197ddb9-357f-11eb-a415-001a7dda7111,,a197ddb9-357f-11eb-a415-001a7dda7111,,a197ddb9-357f-11eb-a415-001a7dda7111,
a195bac9-357f-11eb-839b-001a7dda7111,,a195bac9-357f-11eb-839b-001a7dda7111,,a195bac9-357f-11eb-839b-001a7dda7111,
a197de19-357f-11eb-a478-001a7dda7111,,a197de19-357f-11eb-a478-001a7dda7111,,a197de19-357f-11eb-a478-001a7dda7111,
a195e249-357f-11eb-acce-001a7dda7111,,a195e249-357f-11eb-acce-001a7dda7111,,a195e249-357f-11eb-acce-001a7dda7111,
a195943a-357f-11eb-957d-001a7dda7111,,a195943a-357f-11eb-957d-001a7dda7111,,a195943a-357f-11eb-957d-001a7dda7111,
a1982c25-357f-11eb-85c9-001a7dda7111,,a1982c25-357f-11eb-85c9-001a7dda7111,,a1982c25-357f-11eb-85c9-001a7dda7111,
a196a557-357f-11eb-b142-001a7dda7111,,a196a557-357f-11eb-b142-001a7dda7111,,a196a557-357f-11eb-b142-001a7dda7111,
a197de0c-357f-11eb-a2b8-001a7dda7111,,a197de0c-357f-11eb-a2b8-001a7dda7111,,a197de0c-357f-11eb-a2b8-001a7dda7111,
a1982c2c-357f-11eb-9c80-001a7dda7111,,a1982c2c-357f-11eb-9c80-001a7dda7111,,a1982c2c-357f-11eb-9c80-001a7dda7111,
a1982c1e-357f-11eb-b208-001a7dda7111,,a1982c1e-357f-11eb-b208-001a7dda7111,,a1982c1e-357f-11eb-b208-001a7dda7111,
a1967e6b-357f-11eb-9864-001a7dda7111,,a1967e6b-357f-11eb-9864-001a7dda7111,,a1967e6b-357f-11eb-9864-001a7dda7111,
a198054a-357f-11eb-bac3-001a7dda7111,,a198054a-357f-11eb-bac3-001a7dda7111,,a198054a-357f-11eb-bac3-001a7dda7111,
a1982c6b-357f-11eb-9310-001a7dda7111,,a1982c6b-357f-11eb-9310-001a7dda7111,,a1982c6b-357f-11eb-9310-001a7dda7111,
a1978f86-357f-11eb-899c-001a7dda7111,,a1978f86-357f-11eb-899c-001a7dda7111,,a1978f86-357f-11eb-899c-001a7dda7111,
a195e210-357f-11eb-92a3-001a7dda7111,,a195e210-357f-11eb-92a3-001a7dda7111,,a195e210-357f-11eb-92a3-001a7dda7111,
a1978fdd-357f-11eb-a83e-001a7dda7111,,a1978fdd-357f-11eb-a83e-001a7dda7111,,a1978fdd-357f-11eb-a83e-001a7dda7111,
a195e234-357f-11eb-971f-001a7dda7111,,a195e234-357f-11eb-971f-001a7dda7111,,a195e234-357f-11eb-971f-001a7dda7111,
a19657c4-357f-11eb-93f3-001a7dda7111,,a19657c4-357f-11eb-93f3-001a7dda7111,,a19657c4-357f-11eb-93f3-001a7dda7111,
a19545c0-357f-11eb-a5db-001a7dda7111,,a19545c0-357f-11eb-a5db-001a7dda7111,,a19545c0-357f-11eb-a5db-001a7dda7111,
a196a530-357f-11eb-9d03-001a7dda7111,,a196a530-357f-11eb-9d03-001a7dda7111,,a196a530-357f-11eb-9d03-001a7dda7111,
a1982c83-357f-11eb-9d09-001a7dda7111,,a1982c83-357f-11eb-9d09-001a7dda7111,,a1982c83-357f-11eb-9d09-001a7dda7111,
a1956cda-357f-11eb-ba62-001a7dda7111,,a1956cda-357f-11eb-ba62-001a7dda7111,,a1956cda-357f-11eb-ba62-001a7dda7111,
a195bb1f-357f-11eb-be61-001a7dda7111,,a195bb1f-357f-11eb-be61-001a7dda7111,,a195bb1f-357f-11eb-be61-001a7dda7111,
a195e23e-357f-11eb-9b42-001a7dda7111,,a195e23e-357f-11eb-9b42-001a7dda7111,,a195e23e-357f-11eb-9b42-001a7dda7111,
a197ddd5-357f-11eb-afb0-001a7dda7111,,a197ddd5-357f-11eb-afb0-001a7dda7111,,a197ddd5-357f-11eb-afb0-001a7dda7111,
a196096a-357f-11eb-b997-001a7dda7111,,a196096a-357f-11eb-b997-001a7dda7111,,a196096a-357f-11eb-b997-001a7dda7111,
a196cc67-357f-11eb-be81-001a7dda7111,,a196cc67-357f-11eb-be81-001a7dda7111,,a196cc67-357f-11eb-be81-001a7dda7111,
a1982c49-357f-11eb-9853-001a7dda7111,,a1982c49-357f-11eb-9853-001a7dda7111,,a1982c49-357f-11eb-9853-001a7dda7111,
a1978fd4-357f-11eb-b24c-001a7dda7111,,a1978fd4-357f-11eb-b24c-001a7dda7111,,a1978fd4-357f-11eb-b24c-001a7dda7111,
a1951e95-357f-11eb-bfa9-001a7dda7111,,a1951e95-357f-11eb-bfa9-001a7dda7111,,a1951e95-357f-11eb-bfa9-001a7dda7111,
a196a59d-357f-11eb-9582-001a7dda7111,,a196a59d-357f-11eb-9582-001a7dda7111,,a196a59d-357f-11eb-9582-001a7dda7111,
a198057e-357f-11eb-9864-001a7dda7111,,a198057e-357f-11eb-9864-001a7dda7111,,a198057e-357f-11eb-9864-001a7dda7111,
a1965716-357f-11eb-be58-001a7dda7111,,a1965716-357f-11eb-be58-001a7dda7111,,a1965716-357f-11eb-be58-001a7dda7111,
a1963026-357f-11eb-8f23-001a7dda7111,,a1963026-357f-11eb-8f23-001a7dda7111,,a1963026-357f-11eb-8f23-001a7dda7111,
a1963050-357f-11eb-8281-001a7dda7111,,a1963050-357f-11eb-8281-001a7dda7111,,a1963050-357f-11eb-8281-001a7dda7111,
a19741c8-357f-11eb-9ba8-001a7dda7111,,a19741c8-357f-11eb-9ba8-001a7dda7111,,a19741c8-357f-11eb-9ba8-001a7dda7111,
a1967e42-357f-11eb-89ea-001a7dda7111,,a1967e42-357f-11eb-89ea-001a7dda7111,,a1967e42-357f-11eb-89ea-001a7dda7111,
a1967e4a-357f-11eb-a17c-001a7dda7111,,a1967e4a-357f-11eb-a17c-001a7dda7111,,a1967e4a-357f-11eb-a17c-001a7dda7111,
a1967e41-357f-11eb-b7a5-001a7dda7111,,a1967e41-357f-11eb-b7a5-001a7dda7111,,a1967e41-357f-11eb-b7a5-001a7dda7111,
a196a560-357f-11eb-aa24-001a7dda7111,,a196a560-357f-11eb-aa24-001a7dda7111,,a196a560-357f-11eb-aa24-001a7dda7111,
a1980548-357f-11eb-9500-001a7dda7111,,a1980548-357f-11eb-9500-001a7dda7111,,a1980548-357f-11eb-9500-001a7dda7111,
a19657d9-357f-11eb-8b58-001a7dda7111,,a19657d9-357f-11eb-8b58-001a7dda7111,,a19657d9-357f-11eb-8b58-001a7dda7111,
a195e26e-357f-11eb-a442-001a7dda7111,,a195e26e-357f-11eb-a442-001a7dda7111,,a195e26e-357f-11eb-a442-001a7dda7111,
a1960962-357f-11eb-a72f-001a7dda7111,,a1960962-357f-11eb-a72f-001a7dda7111,,a1960962-357f-11eb-a72f-001a7dda7111,
a195e278-357f-11eb-9a52-001a7dda7111,,a195e278-357f-11eb-9a52-001a7dda7111,,a195e278-357f-11eb-9a52-001a7dda7111,
a19609b9-357f-11eb-ab37-001a7dda7111,,a19609b9-357f-11eb-ab37-001a7dda7111,,a19609b9-357f-11eb-ab37-001a7dda7111,
a195e1f5-357f-11eb-815e-001a7dda7111,,a195e1f5-357f-11eb-815e-001a7dda7111,,a195e1f5-357f-11eb-815e-001a7dda7111,
a19741c2-357f-11eb-898c-001a7dda7111,,a19741c2-357f-11eb-898c-001a7dda7111,,a19741c2-357f-11eb-898c-001a7dda7111,
a196cc6a-357f-11eb-b95b-001a7dda7111,,a196cc6a-357f-11eb-b95b-001a7dda7111,,a196cc6a-357f-11eb-b95b-001a7dda7111,
a1967e47-357f-11eb-9153-001a7dda7111,,a1967e47-357f-11eb-9153-001a7dda7111,,a1967e47-357f-11eb-9153-001a7dda7111,
a19656f7-357f-11eb-994c-001a7dda7111,,a19656f7-357f-11eb-994c-001a7dda7111,,a19656f7-357f-11eb-994c-001a7dda7111,
a19593c6-357f-11eb-b657-001a7dda7111,,a19593c6-357f-11eb-b657-001a7dda7111,,a19593c6-357f-11eb-b657-001a7dda7111,
a195e1f7-357f-11eb-b516-001a7dda7111,,a195e1f7-357f-11eb-b516-001a7dda7111,,a195e1f7-357f-11eb-b516-001a7dda7111,
a195e256-357f-11eb-87f2-001a7dda7111,,a195e256-357f-11eb-87f2-001a7dda7111,,a195e256-357f-11eb-87f2-001a7dda7111,
a19741e1-357f-11eb-91e6-001a7dda7111,,a19741e1-357f-11eb-91e6-001a7dda7111,,a19741e1-357f-11eb-91e6-001a7dda7111,
a19593ce-357f-11eb-b8ef-001a7dda7111,,a19593ce-357f-11eb-b8ef-001a7dda7111,,a19593ce-357f-11eb-b8ef-001a7dda7111,
a197ddb3-357f-11eb-b37a-001a7dda7111,,a197ddb3-357f-11eb-b37a-001a7dda7111,,a197ddb3-357f-11eb-b37a-001a7dda7111,
a1967e59-357f-11eb-8403-001a7dda7111,,a1967e59-357f-11eb-8403-001a7dda7111,,a1967e59-357f-11eb-8403-001a7dda7111,
a19545d3-357f-11eb-a997-001a7dda7111,,a19545d3-357f-11eb-a997-001a7dda7111,,a19545d3-357f-11eb-a997-001a7dda7111,
a195459f-357f-11eb-8313-001a7dda7111,,a195459f-357f-11eb-8313-001a7dda7111,,a195459f-357f-11eb-8313-001a7dda7111,
a19657c7-357f-11eb-8073-001a7dda7111,,a19657c7-357f-11eb-8073-001a7dda7111,,a19657c7-357f-11eb-8073-001a7dda7111,
a1963013-357f-11eb-8c98-001a7dda7111,,a1963013-357f-11eb-8c98-001a7dda7111,,a1963013-357f-11eb-8c98-001a7dda7111,
a196a572-357f-11eb-a0ee-001a7dda7111,,a196a572-357f-11eb-a0ee-001a7dda7111,,a196a572-357f-11eb-a0ee-001a7dda7111,
a195bad6-357f-11eb-8742-001a7dda7111,,a195bad6-357f-11eb-8742-001a7dda7111,,a195bad6-357f-11eb-8742-001a7dda7111,
a1982cc5-357f-11eb-bd32-001a7dda7111,,a1982cc5-357f-11eb-bd32-001a7dda7111,,a1982cc5-357f-11eb-bd32-001a7dda7111,
a1962fef-357f-11eb-8a18-001a7dda7111,,a1962fef-357f-11eb-8a18-001a7dda7111,,a1962fef-357f-11eb-8a18-001a7dda7111,
a1960932-357f-11eb-8252-001a7dda7111,,a1960932-357f-11eb-8252-001a7dda7111,,a1960932-357f-11eb-8252-001a7dda7111,
a196f38b-357f-11eb-8cb2-001a7dda7111,,a196f38b-357f-11eb-8cb2-001a7dda7111,,a196f38b-357f-11eb-8cb2-001a7dda7111,
a1965771-357f-11eb-821a-001a7dda7111,,a1965771-357f-11eb-821a-001a7dda7111,,a1965771-357f-11eb-821a-001a7dda7111,
a196303d-357f-11eb-b8ae-001a7dda7111,,a196303d-357f-11eb-b8ae-001a7dda7111,,a196303d-357f-11eb-b8ae-001a7dda7111,
a1960955-357f-11eb-86ae-001a7dda7111,,a1960955-357f-11eb-86ae-001a7dda7111,,a1960955-357f-11eb-86ae-001a7dda7111,
a19545bf-357f-11eb-afb1-001a7dda7111,,a19545bf-357f-11eb-afb1-001a7dda7111,,a19545bf-357f-11eb-afb1-001a7dda7111,
a196095f-357f-11eb-a830-001a7dda7111,,a196095f-357f-11eb-a830-001a7dda7111,,a196095f-357f-11eb-a830-001a7dda7111,
a1982cb7-357f-11eb-9973-001a7dda7111,,a1982cb7-357f-11eb-9973-001a7dda7111,,a1982cb7-357f-11eb-9973-001a7dda7111,
a1971a7c-357f-11eb-b5e5-001a7dda7111,,a1971a7c-357f-11eb-b5e5-001a7dda7111,,a1971a7c-357f-11eb-b5e5-001a7dda7111,
a195bb17-357f-11eb-a21d-001a7dda7111,,a195bb17-357f-11eb-a21d-001a7dda7111,,a195bb17-357f-11eb-a21d-001a7dda7111,
a196a563-357f-11eb-9547-001a7dda7111,,a196a563-357f-11eb-9547-001a7dda7111,,a196a563-357f-11eb-9547-001a7dda7111,
a1960984-357f-11eb-a866-001a7dda7111,,a1960984-357f-11eb-a866-001a7dda7111,,a1960984-357f-11eb-a866-001a7dda7111,
a1951f24-357f-11eb-8b7d-001a7dda7111,,a1951f24-357f-11eb-8b7d-001a7dda7111,,a1951f24-357f-11eb-8b7d-001a7dda7111,
a196a548-357f-11eb-ab49-001a7dda7111,,a196a548-357f-11eb-ab49-001a7dda7111,,a196a548-357f-11eb-ab49-001a7dda7111,
a1965781-357f-11eb-8a50-001a7dda7111,,a1965781-357f-11eb-8a50-001a7dda7111,,a1965781-357f-11eb-8a50-001a7dda7111,
a1960911-357f-11eb-880f-001a7dda7111,,a1960911-357f-11eb-880f-001a7dda7111,,a1960911-357f-11eb-880f-001a7dda7111,
a1951ec6-357f-11eb-8633-001a7dda7111,,a1951ec6-357f-11eb-8633-001a7dda7111,,a1951ec6-357f-11eb-8633-001a7dda7111,
a195e265-357f-11eb-a245-001a7dda7111,,a195e265-357f-11eb-a245-001a7dda7111,,a195e265-357f-11eb-a245-001a7dda7111,
a1956d15-357f-11eb-af96-001a7dda7111,,a1956d15-357f-11eb-af96-001a7dda7111,,a1956d15-357f-11eb-af96-001a7dda7111,
a19768a0-357f-11eb-b12f-001a7dda7111,,a19768a0-357f-11eb-b12f-001a7dda7111,,a19768a0-357f-11eb-b12f-001a7dda7111,
a1971a8a-357f-11eb-bd90-001a7dda7111,,a1971a8a-357f-11eb-bd90-001a7dda7111,,a1971a8a-357f-11eb-bd90-001a7dda7111,
a1971a87-357f-11eb-aacb-001a7dda7111,,a1971a87-357f-11eb-aacb-001a7dda7111,,a1971a87-357f-11eb-aacb-001a7dda7111,
a19593fd-357f-11eb-98f7-001a7dda7111,,a19593fd-357f-11eb-98f7-001a7dda7111,,a19593fd-357f-11eb-98f7-001a7dda7111,
a1951eb7-357f-11eb-a05f-001a7dda7111,,a1951eb7-357f-11eb-a05f-001a7dda7111,,a1951eb7-357f-11eb-a05f-001a7dda7111,
a196307f-357f-11eb-b607-001a7dda7111,,a196307f-357f-11eb-b607-001a7dda7111,,a196307f-357f-11eb-b607-001a7dda7111,
a196a541-357f-11eb-92ea-001a7dda7111,,a196a541-357f-11eb-92ea-001a7dda7111,,a196a541-357f-11eb-92ea-001a7dda7111,
a196cc70-357f-11eb-aba9-001a7dda7111,,a196cc70-357f-11eb-aba9-001a7dda7111,,a196cc70-357f-11eb-aba9-001a7dda7111,
a1982c18-357f-11eb-8053-001a7dda7111,,a1982c18-357f-11eb-8053-001a7dda7111,,a1982c18-357f-11eb-8053-001a7dda7111,
a1971ac7-357f-11eb-801b-001a7dda7111,,a1971ac7-357f-11eb-801b-001a7dda7111,,a1971ac7-357f-11eb-801b-001a7dda7111,
a195bb02-357f-11eb-baf6-001a7dda7111,,a195bb02-357f-11eb-baf6-001a7dda7111,,a195bb02-357f-11eb-baf6-001a7dda7111,
a1978fe9-357f-11eb-99fd-001a7dda7111,,a1978fe9-357f-11eb-99fd-001a7dda7111,,a1978fe9-357f-11eb-99fd-001a7dda7111,
a196a559-357f-11eb-8be1-001a7dda7111,,a196a559-357f-11eb-8be1-001a7dda7111,,a196a559-357f-11eb-8be1-001a7dda7111,
a1963071-357f-11eb-a209-001a7dda7111,,a1963071-357f-11eb-a209-001a7dda7111,,a1963071-357f-11eb-a209-001a7dda7111,
a1982cb4-357f-11eb-8b33-001a7dda7111,,a1982cb4-357f-11eb-8b33-001a7dda7111,,a1982cb4-357f-11eb-8b33-001a7dda7111,
a196574a-357f-11eb-a0d8-001a7dda7111,,a196574a-357f-11eb-a0d8-001a7dda7111,,a196574a-357f-11eb-a0d8-001a7dda7111,
a1960959-357f-11eb-a0f1-001a7dda7111,,a1960959-357f-11eb-a0f1-001a7dda7111,,a1960959-357f-11eb-a0f1-001a7dda7111,
a1982bcb-357f-11eb-af52-001a7dda7111,,a1982bcb-357f-11eb-af52-001a7dda7111,,a1982bcb-357f-11eb-af52-001a7dda7111,
a19609bb-357f-11eb-a131-001a7dda7111,,a19609bb-357f-11eb-a131-001a7dda7111,,a19609bb-357f-11eb-a131-001a7dda7111,
a195e207-357f-11eb-8fb6-001a7dda7111,,a195e207-357f-11eb-8fb6-001a7dda7111,,a195e207-357f-11eb-8fb6-001a7dda7111,
a196571a-357f-11eb-899b-001a7dda7111,,a196571a-357f-11eb-899b-001a7dda7111,,a196571a-357f-11eb-899b-001a7dda7111,
a19656f6-357f-11eb-968c-001a7dda7111,,a19656f6-357f-11eb-968c-001a7dda7111,,a19656f6-357f-11eb-968c-001a7dda7111,
a1978fb6-357f-11eb-b94e-001a7dda7111,,a1978fb6-357f-11eb-b94e-001a7dda7111,,a1978fb6-357f-11eb-b94e-001a7dda7111,
a1951ecb-357f-11eb-bea5-001a7dda7111,,a1951ecb-357f-11eb-bea5-001a7dda7111,,a1951ecb-357f-11eb-bea5-001a7dda7111,
a196a56b-357f-11eb-9fb1-001a7dda7111,,a196a56b-357f-11eb-9fb1-001a7dda7111,,a196a56b-357f-11eb-9fb1-001a7dda7111,
a196cc76-357f-11eb-b72c-001a7dda7111,,a196cc76-357f-11eb-b72c-001a7dda7111,,a196cc76-357f-11eb-b72c-001a7dda7111,
a1960940-357f-11eb-8fd3-001a7dda7111,,a1960940-357f-11eb-8fd3-001a7dda7111,,a1960940-357f-11eb-8fd3-001a7dda7111,
a19609b7-357f-11eb-b0be-001a7dda7111,,a19609b7-357f-11eb-b0be-001a7dda7111,,a19609b7-357f-11eb-b0be-001a7dda7111,
a196091b-357f-11eb-ad04-001a7dda7111,,a196091b-357f-11eb-ad04-001a7dda7111,,a196091b-357f-11eb-ad04-001a7dda7111,
a197b70a-357f-11eb-81c9-001a7dda7111,,a197b70a-357f-11eb-81c9-001a7dda7111,,a197b70a-357f-11eb-81c9-001a7dda7111,
a19593c1-357f-11eb-bb24-001a7dda7111,,a19593c1-357f-11eb-bb24-001a7dda7111,,a19593c1-357f-11eb-bb24-001a7dda7111,
a196578a-357f-11eb-bcaa-001a7dda7111,,a196578a-357f-11eb-bcaa-001a7dda7111,,a196578a-357f-11eb-bcaa-001a7dda7111,
a197b6c8-357f-11eb-8dd8-001a7dda7111,,a197b6c8-357f-11eb-8dd8-001a7dda7111,,a197b6c8-357f-11eb-8dd8-001a7dda7111,
a196a566-357f-11eb-ba94-001a7dda7111,,a196a566-357f-11eb-ba94-001a7dda7111,,a196a566-357f-11eb-ba94-001a7dda7111,
a1980594-357f-11eb-aa58-001a7dda7111,,a1980594-357f-11eb-aa58-001a7dda7111,,a1980594-357f-11eb-aa58-001a7dda7111,
a19741b8-357f-11eb-8459-001a7dda7111,,a19741b8-357f-11eb-8459-001a7dda7111,,a19741b8-357f-11eb-8459-001a7dda7111,
a1978fdf-357f-11eb-bfb6-001a7dda7111,,a1978fdf-357f-11eb-bfb6-001a7dda7111,,a1978fdf-357f-11eb-bfb6-001a7dda7111,
a1951ede-357f-11eb-9766-001a7dda7111,,a1951ede-357f-11eb-9766-001a7dda7111,,a1951ede-357f-11eb-9766-001a7dda7111,
a196f392-357f-11eb-b88c-001a7dda7111,,a196f392-357f-11eb-b88c-001a7dda7111,,a196f392-357f-11eb-b88c-001a7dda7111,
a1951ee4-357f-11eb-9d0b-001a7dda7111,,a1951ee4-357f-11eb-9d0b-001a7dda7111,,a1951ee4-357f-11eb-9d0b-001a7dda7111,
a19657b9-357f-11eb-9fbf-001a7dda7111,,a19657b9-357f-11eb-9fbf-001a7dda7111,,a19657b9-357f-11eb-9fbf-001a7dda7111,
a194f796-357f-11eb-b46b-001a7dda7111,,a194f796-357f-11eb-b46b-001a7dda7111,,a194f796-357f-11eb-b46b-001a7dda7111,
a1971ad6-357f-11eb-af4a-001a7dda7111,,a1971ad6-357f-11eb-af4a-001a7dda7111,,a1971ad6-357f-11eb-af4a-001a7dda7111,
a195e217-357f-11eb-bd46-001a7dda7111,,a195e217-357f-11eb-bd46-001a7dda7111,,a195e217-357f-11eb-bd46-001a7dda7111,
a19804f2-357f-11eb-a9c3-001a7dda7111,,a19804f2-357f-11eb-a9c3-001a7dda7111,,a19804f2-357f-11eb-a9c3-001a7dda7111,
a1965782-357f-11eb-8f87-001a7dda7111,,a1965782-357f-11eb-8f87-001a7dda7111,,a1965782-357f-11eb-8f87-001a7dda7111,
a198051e-357f-11eb-9e94-001a7dda7111,,a198051e-357f-11eb-9e94-001a7dda7111,,a198051e-357f-11eb-9e94-001a7dda7111,
a197b6de-357f-11eb-b52b-001a7dda7111,,a197b6de-357f-11eb-b52b-001a7dda7111,,a197b6de-357f-11eb-b52b-001a7dda7111,
a1980523-357f-11eb-93c2-001a7dda7111,,a1980523-357f-11eb-93c2-001a7dda7111,,a1980523-357f-11eb-93c2-001a7dda7111,
a1956cad-357f-11eb-b824-001a7dda7111,,a1956cad-357f-11eb-b824-001a7dda7111,,a1956cad-357f-11eb-b824-001a7dda7111,
a19805bb-357f-11eb-b3b5-001a7dda7111,,a19805bb-357f-11eb-b3b5-001a7dda7111,,a19805bb-357f-11eb-b3b5-001a7dda7111,
a1956d0f-357f-11eb-86f1-001a7dda7111,,a1956d0f-357f-11eb-86f1-001a7dda7111,,a1956d0f-357f-11eb-86f1-001a7dda7111,
a19804f7-357f-11eb-80fd-001a7dda7111,,a19804f7-357f-11eb-80fd-001a7dda7111,,a19804f7-357f-11eb-80fd-001a7dda7111,
a196a575-357f-11eb-a073-001a7dda7111,,a196a575-357f-11eb-a073-001a7dda7111,,a196a575-357f-11eb-a073-001a7dda7111,
a196a552-357f-11eb-9468-001a7dda7111,,a196a552-357f-11eb-9468-001a7dda7111,,a196a552-357f-11eb-9468-001a7dda7111,
a196091d-357f-11eb-a53f-001a7dda7111,,a196091d-357f-11eb-a53f-001a7dda7111,,a196091d-357f-11eb-a53f-001a7dda7111,
a196095b-357f-11eb-8039-001a7dda7111,,a196095b-357f-11eb-8039-001a7dda7111,,a196095b-357f-11eb-8039-001a7dda7111,
a197de12-357f-11eb-80d2-001a7dda7111,,a197de12-357f-11eb-80d2-001a7dda7111,,a197de12-357f-11eb-80d2-001a7dda7111,
a196f3ca-357f-11eb-bcc1-001a7dda7111,,a196f3ca-357f-11eb-bcc1-001a7dda7111,,a196f3ca-357f-11eb-bcc1-001a7dda7111,
a1980595-357f-11eb-94c6-001a7dda7111,,a1980595-357f-11eb-94c6-001a7dda7111,,a1980595-357f-11eb-94c6-001a7dda7111,
a19741c9-357f-11eb-ada3-001a7dda7111,,a19741c9-357f-11eb-ada3-001a7dda7111,,a19741c9-357f-11eb-ada3-001a7dda7111,
a19804c0-357f-11eb-8fa1-001a7dda7111,,a19804c0-357f-11eb-8fa1-001a7dda7111,,a19804c0-357f-11eb-8fa1-001a7dda7111,
a19609ca-357f-11eb-91b1-001a7dda7111,,a19609ca-357f-11eb-91b1-001a7dda7111,,a19609ca-357f-11eb-91b1-001a7dda7111,
a1982c57-357f-11eb-b9f3-001a7dda7111,,a1982c57-357f-11eb-b9f3-001a7dda7111,,a1982c57-357f-11eb-b9f3-001a7dda7111,
a195e233-357f-11eb-9083-001a7dda7111,,a195e233-357f-11eb-9083-001a7dda7111,,a195e233-357f-11eb-9083-001a7dda7111,
a19545a0-357f-11eb-840d-001a7dda7111,,a19545a0-357f-11eb-840d-001a7dda7111,,a19545a0-357f-11eb-840d-001a7dda7111,
a19545ae-357f-11eb-8960-001a7dda7111,,a19545ae-357f-11eb-8960-001a7dda7111,,a19545ae-357f-11eb-8960-001a7dda7111,
a19852dd-357f-11eb-b03d-001a7dda7111,,a19852dd-357f-11eb-b03d-001a7dda7111,,a19852dd-357f-11eb-b03d-001a7dda7111,
a1956ce4-357f-11eb-9ca6-001a7dda7111,,a1956ce4-357f-11eb-9ca6-001a7dda7111,,a1956ce4-357f-11eb-9ca6-001a7dda7111,
a1965786-357f-11eb-9e26-001a7dda7111,,a1965786-357f-11eb-9e26-001a7dda7111,,a1965786-357f-11eb-9e26-001a7dda7111,
a196092c-357f-11eb-b412-001a7dda7111,,a196092c-357f-11eb-b412-001a7dda7111,,a196092c-357f-11eb-b412-001a7dda7111,
a1982cbd-357f-11eb-81a2-001a7dda7111,,a1982cbd-357f-11eb-81a2-001a7dda7111,,a1982cbd-357f-11eb-81a2-001a7dda7111,
a1960970-357f-11eb-a5cc-001a7dda7111,,a1960970-357f-11eb-a5cc-001a7dda7111,,a1960970-357f-11eb-a5cc-001a7dda7111,
a19741fb-357f-11eb-90a2-001a7dda7111,,a19741fb-357f-11eb-90a2-001a7dda7111,,a19741fb-357f-11eb-90a2-001a7dda7111,
a1965768-357f-11eb-903c-001a7dda7111,,a1965768-357f-11eb-903c-001a7dda7111,,a1965768-357f-11eb-903c-001a7dda7111,
a19608e8-357f-11eb-ac12-001a7dda7111,,a19608e8-357f-11eb-ac12-001a7dda7111,,a19608e8-357f-11eb-ac12-001a7dda7111,
a19593e2-357f-11eb-a6ac-001a7dda7111,,a19593e2-357f-11eb-a6ac-001a7dda7111,,a19593e2-357f-11eb-a6ac-001a7dda7111,
a195e275-357f-11eb-906a-001a7dda7111,,a195e275-357f-11eb-906a-001a7dda7111,,a195e275-357f-11eb-906a-001a7dda7111,
a196f388-357f-11eb-a3fa-001a7dda7111,,a196f388-357f-11eb-a3fa-001a7dda7111,,a196f388-357f-11eb-a3fa-001a7dda7111,
a197689e-357f-11eb-99eb-001a7dda7111,,a197689e-357f-11eb-99eb-001a7dda7111,,a197689e-357f-11eb-99eb-001a7dda7111,
a1982c55-357f-11eb-81f5-001a7dda7111,,a1982c55-357f-11eb-81f5-001a7dda7111,,a1982c55-357f-11eb-81f5-001a7dda7111,
a19805b9-357f-11eb-acf2-001a7dda7111,,a19805b9-357f-11eb-acf2-001a7dda7111,,a19805b9-357f-11eb-acf2-001a7dda7111,
a195e1f1-357f-11eb-8f80-001a7dda7111,,a195e1f1-357f-11eb-8f80-001a7dda7111,,a195e1f1-357f-11eb-8f80-001a7dda7111,
a19805b4-357f-11eb-8a94-001a7dda7111,,a19805b4-357f-11eb-8a94-001a7dda7111,,a19805b4-357f-11eb-8a94-001a7dda7111,
a1971aab-357f-11eb-9a6e-001a7dda7111,,a1971aab-357f-11eb-9a6e-001a7dda7111,,a1971aab-357f-11eb-9a6e-001a7dda7111,
a195bb20-357f-11eb-a78e-001a7dda7111,,a195bb20-357f-11eb-a78e-001a7dda7111,,a195bb20-357f-11eb-a78e-001a7dda7111,
a19804f9-357f-11eb-ad7e-001a7dda7111,,a19804f9-357f-11eb-ad7e-001a7dda7111,,a19804f9-357f-11eb-ad7e-001a7dda7111,
a1980556-357f-11eb-b9de-001a7dda7111,,a1980556-357f-11eb-b9de-001a7dda7111,,a1980556-357f-11eb-b9de-001a7dda7111,
a19768c7-357f-11eb-a936-001a7dda7111,,a19768c7-357f-11eb-a936-001a7dda7111,,a19768c7-357f-11eb-a936-001a7dda7111,
a1965704-357f-11eb-a679-001a7dda7111,,a1965704-357f-11eb-a679-001a7dda7111,,a1965704-357f-11eb-a679-001a7dda7111,
a1971ad0-357f-11eb-93cb-001a7dda7111,,a1971ad0-357f-11eb-93cb-001a7dda7111,,a1971ad0-357f-11eb-93cb-001a7dda7111,
a195e26c-357f-11eb-95a8-001a7dda7111,,a195e26c-357f-11eb-95a8-001a7dda7111,,a195e26c-357f-11eb-95a8-001a7dda7111,
a195e272-357f-11eb-9885-001a7dda7111,,a195e272-357f-11eb-9885-001a7dda7111,,a195e272-357f-11eb-9885-001a7dda7111,
a196f3c1-357f-11eb-b477-001a7dda7111,,a196f3c1-357f-11eb-b477-001a7dda7111,,a196f3c1-357f-11eb-b477-001a7dda7111,
a1967e9a-357f-11eb-bdc1-001a7dda7111,,a1967e9a-357f-11eb-bdc1-001a7dda7111,,a1967e9a-357f-11eb-bdc1-001a7dda7111,
a1982c63-357f-11eb-b699-001a7dda7111,,a1982c63-357f-11eb-b699-001a7dda7111,,a1982c63-357f-11eb-b699-001a7dda7111,
a1967e72-357f-11eb-bac8-001a7dda7111,,a1967e72-357f-11eb-bac8-001a7dda7111,,a1967e72-357f-11eb-bac8-001a7dda7111,
a197b70b-357f-11eb-8738-001a7dda7111,,a197b70b-357f-11eb-8738-001a7dda7111,,a197b70b-357f-11eb-8738-001a7dda7111,
a197de01-357f-11eb-bec4-001a7dda7111,,a197de01-357f-11eb-bec4-001a7dda7111,,a197de01-357f-11eb-bec4-001a7dda7111,
a19768a8-357f-11eb-8d68-001a7dda7111,,a19768a8-357f-11eb-8d68-001a7dda7111,,a19768a8-357f-11eb-8d68-001a7dda7111,
a1978fb7-357f-11eb-85f2-001a7dda7111,,a1978fb7-357f-11eb-85f2-001a7dda7111,,a1978fb7-357f-11eb-85f2-001a7dda7111,
a19852f1-357f-11eb-80b2-001a7dda7111,,a19852f1-357f-11eb-80b2-001a7dda7111,,a19852f1-357f-11eb-80b2-001a7dda7111,
a196f366-357f-11eb-a4eb-001a7dda7111,,a196f366-357f-11eb-a4eb-001a7dda7111,,a196f366-357f-11eb-a4eb-001a7dda7111,
a197b6e5-357f-11eb-af61-001a7dda7111,,a197b6e5-357f-11eb-af61-001a7dda7111,,a197b6e5-357f-11eb-af61-001a7dda7111,
a1982c08-357f-11eb-8fc3-001a7dda7111,,a1982c08-357f-11eb-8fc3-001a7dda7111,,a1982c08-357f-11eb-8fc3-001a7dda7111,
a1978faa-357f-11eb-87c5-001a7dda7111,,a1978faa-357f-11eb-87c5-001a7dda7111,,a1978faa-357f-11eb-87c5-001a7dda7111,
a1982c53-357f-11eb-a4f3-001a7dda7111,,a1982c53-357f-11eb-a4f3-001a7dda7111,,a1982c53-357f-11eb-a4f3-001a7dda7111,
a196f37e-357f-11eb-90f8-001a7dda7111,,a196f37e-357f-11eb-90f8-001a7dda7111,,a196f37e-357f-11eb-90f8-001a7dda7111,
a19768bb-357f-11eb-b0d2-001a7dda7111,,a19768bb-357f-11eb-b0d2-001a7dda7111,,a19768bb-357f-11eb-b0d2-001a7dda7111,
a195bb37-357f-11eb-972f-001a7dda7111,,a195bb37-357f-11eb-972f-001a7dda7111,,a195bb37-357f-11eb-972f-001a7dda7111,
a1978f93-357f-11eb-a0fe-001a7dda7111,,a1978f93-357f-11eb-a0fe-001a7dda7111,,a1978f93-357f-11eb-a0fe-001a7dda7111,
a1965705-357f-11eb-a0e8-001a7dda7111,,a1965705-357f-11eb-a0e8-001a7dda7111,,a1965705-357f-11eb-a0e8-001a7dda7111,
a1959422-357f-11eb-b8d5-001a7dda7111,,a1959422-357f-11eb-b8d5-001a7dda7111,,a1959422-357f-11eb-b8d5-001a7dda7111,
a1978fc6-357f-11eb-8799-001a7dda7111,,a1978fc6-357f-11eb-8799-001a7dda7111,,a1978fc6-357f-11eb-8799-001a7dda7111,
a1982bd6-357f-11eb-8b3a-001a7dda7111,,a1982bd6-357f-11eb-8b3a-001a7dda7111,,a1982bd6-357f-11eb-8b3a-001a7dda7111,
a198056a-357f-11eb-a925-001a7dda7111,,a198056a-357f-11eb-a925-001a7dda7111,,a198056a-357f-11eb-a925-001a7dda7111,
a1956cde-357f-11eb-a8bc-001a7dda7111,,a1956cde-357f-11eb-a8bc-001a7dda7111,,a1956cde-357f-11eb-a8bc-001a7dda7111,
a1982ccf-357f-11eb-9475-001a7dda7111,,a1982ccf-357f-11eb-9475-001a7dda7111,,a1982ccf-357f-11eb-9475-001a7dda7111,
a19768b4-357f-11eb-84d7-001a7dda7111,,a19768b4-357f-11eb-84d7-001a7dda7111,,a19768b4-357f-11eb-84d7-001a7dda7111,
a196f370-357f-11eb-8f4c-001a7dda7111,,a196f370-357f-11eb-8f4c-001a7dda7111,,a196f370-357f-11eb-8f4c-001a7dda7111,
a195e276-357f-11eb-afa4-001a7dda7111,,a195e276-357f-11eb-afa4-001a7dda7111,,a195e276-357f-11eb-afa4-001a7dda7111,
a196f3c0-357f-11eb-8057-001a7dda7111,,a196f3c0-357f-11eb-8057-001a7dda7111,,a196f3c0-357f-11eb-8057-001a7dda7111,
a19804bb-357f-11eb-9859-001a7dda7111,,a19804bb-357f-11eb-9859-001a7dda7111,,a19804bb-357f-11eb-9859-001a7dda7111,
a1951eac-357f-11eb-9493-001a7dda7111,,a1951eac-357f-11eb-9493-001a7dda7111,,a1951eac-357f-11eb-9493-001a7dda7111,
a195e220-357f-11eb-88fe-001a7dda7111,,a195e220-357f-11eb-88fe-001a7dda7111,,a195e220-357f-11eb-88fe-001a7dda7111,
a1963058-357f-11eb-8b07-001a7dda7111,,a1963058-357f-11eb-8b07-001a7dda7111,,a1963058-357f-11eb-8b07-001a7dda7111,
a19805a2-357f-11eb-aa74-001a7dda7111,,a19805a2-357f-11eb-aa74-001a7dda7111,,a19805a2-357f-11eb-aa74-001a7dda7111,
a1965743-357f-11eb-be52-001a7dda7111,,a1965743-357f-11eb-be52-001a7dda7111,,a1965743-357f-11eb-be52-001a7dda7111,
a19805c1-357f-11eb-9b43-001a7dda7111,,a19805c1-357f-11eb-9b43-001a7dda7111,,a19805c1-357f-11eb-9b43-001a7dda7111,
a196576b-357f-11eb-b10e-001a7dda7111,,a196576b-357f-11eb-b10e-001a7dda7111,,a196576b-357f-11eb-b10e-001a7dda7111,
a1980542-357f-11eb-8067-001a7dda7111,,a1980542-357f-11eb-8067-001a7dda7111,,a1980542-357f-11eb-8067-001a7dda7111,
a195bacc-357f-11eb-803c-001a7dda7111,,a195bacc-357f-11eb-803c-001a7dda7111,,a195bacc-357f-11eb-803c-001a7dda7111,
a195bb12-357f-11eb-b112-001a7dda7111,,a195bb12-357f-11eb-b112-001a7dda7111,,a195bb12-357f-11eb-b112-001a7dda7111,
a1951ebf-357f-11eb-bccd-001a7dda7111,,a1951ebf-357f-11eb-bccd-001a7dda7111,,a1951ebf-357f-11eb-bccd-001a7dda7111,
a196573e-357f-11eb-adf2-001a7dda7111,,a196573e-357f-11eb-adf2-001a7dda7111,,a196573e-357f-11eb-adf2-001a7dda7111,
a19768b0-357f-11eb-923c-001a7dda7111,,a19768b0-357f-11eb-923c-001a7dda7111,,a19768b0-357f-11eb-923c-001a7dda7111,
a1951ef1-357f-11eb-94c7-001a7dda7111,,a1951ef1-357f-11eb-94c7-001a7dda7111,,a1951ef1-357f-11eb-94c7-001a7dda7111,
a196302b-357f-11eb-9166-001a7dda7111,,a196302b-357f-11eb-9166-001a7dda7111,,a196302b-357f-11eb-9166-001a7dda7111,
a19545c3-357f-11eb-add5-001a7dda7111,,a19545c3-357f-11eb-add5-001a7dda7111,,a19545c3-357f-11eb-add5-001a7dda7111,
a1982c68-357f-11eb-8c77-001a7dda7111,,a1982c68-357f-11eb-8c77-001a7dda7111,,a1982c68-357f-11eb-8c77-001a7dda7111,
a19657ba-357f-11eb-9b1e-001a7dda7111,,a19657ba-357f-11eb-9b1e-001a7dda7111,,a19657ba-357f-11eb-9b1e-001a7dda7111,
a1967e5f-357f-11eb-a25e-001a7dda7111,,a1967e5f-357f-11eb-a25e-001a7dda7111,,a1967e5f-357f-11eb-a25e-001a7dda7111,
a196301b-357f-11eb-a1b2-001a7dda7111,,a196301b-357f-11eb-a1b2-001a7dda7111,,a196301b-357f-11eb-a1b2-001a7dda7111,
a19804d7-357f-11eb-9743-001a7dda7111,,a19804d7-357f-11eb-9743-001a7dda7111,,a19804d7-357f-11eb-9743-001a7dda7111,
a197ddee-357f-11eb-b60a-001a7dda7111,,a197ddee-357f-11eb-b60a-001a7dda7111,,a197ddee-357f-11eb-b60a-001a7dda7111,
a19741d6-357f-11eb-9911-001a7dda7111,,a19741d6-357f-11eb-9911-001a7dda7111,,a19741d6-357f-11eb-9911-001a7dda7111,
a19804c5-357f-11eb-bd31-001a7dda7111,,a19804c5-357f-11eb-bd31-001a7dda7111,,a19804c5-357f-11eb-bd31-001a7dda7111,
a196572b-357f-11eb-a30c-001a7dda7111,,a196572b-357f-11eb-a30c-001a7dda7111,,a196572b-357f-11eb-a30c-001a7dda7111,
a1967e8f-357f-11eb-a881-001a7dda7111,,a1967e8f-357f-11eb-a881-001a7dda7111,,a1967e8f-357f-11eb-a881-001a7dda7111,
a1965749-357f-11eb-801a-001a7dda7111,,a1965749-357f-11eb-801a-001a7dda7111,,a1965749-357f-11eb-801a-001a7dda7111,
a19804c6-357f-11eb-8c2c-001a7dda7111,,a19804c6-357f-11eb-8c2c-001a7dda7111,,a19804c6-357f-11eb-8c2c-001a7dda7111,
a19545c6-357f-11eb-8fa3-001a7dda7111,,a19545c6-357f-11eb-8fa3-001a7dda7111,,a19545c6-357f-11eb-8fa3-001a7dda7111,
a197de30-357f-11eb-82e7-001a7dda7111,,a197de30-357f-11eb-82e7-001a7dda7111,,a197de30-357f-11eb-82e7-001a7dda7111,
a1963008-357f-11eb-9e5e-001a7dda7111,,a1963008-357f-11eb-9e5e-001a7dda7111,,a1963008-357f-11eb-9e5e-001a7dda7111,
a19805c7-357f-11eb-8525-001a7dda7111,,a19805c7-357f-11eb-8525-001a7dda7111,,a19805c7-357f-11eb-8525-001a7dda7111,
a19657c8-357f-11eb-83d2-001a7dda7111,,a19657c8-357f-11eb-83d2-001a7dda7111,,a19657c8-357f-11eb-83d2-001a7dda7111,
a1956cf0-357f-11eb-ad40-001a7dda7111,,a1956cf0-357f-11eb-ad40-001a7dda7111,,a1956cf0-357f-11eb-ad40-001a7dda7111,
a1967e85-357f-11eb-a311-001a7dda7111,,a1967e85-357f-11eb-a311-001a7dda7111,,a1967e85-357f-11eb-a311-001a7dda7111,
a196300c-357f-11eb-9960-001a7dda7111,,a196300c-357f-11eb-9960-001a7dda7111,,a196300c-357f-11eb-9960-001a7dda7111,
a197b702-357f-11eb-9003-001a7dda7111,,a197b702-357f-11eb-9003-001a7dda7111,,a197b702-357f-11eb-9003-001a7dda7111,
a19741bf-357f-11eb-a086-001a7dda7111,,a19741bf-357f-11eb-a086-001a7dda7111,,a19741bf-357f-11eb-a086-001a7dda7111,
a1971abb-357f-11eb-907a-001a7dda7111,,a1971abb-357f-11eb-907a-001a7dda7111,,a1971abb-357f-11eb-907a-001a7dda7111,
a196f3b5-357f-11eb-9b58-001a7dda7111,,a196f3b5-357f-11eb-9b58-001a7dda7111,,a196f3b5-357f-11eb-9b58-001a7dda7111,
a195943f-357f-11eb-bfb8-001a7dda7111,,a195943f-357f-11eb-bfb8-001a7dda7111,,a195943f-357f-11eb-bfb8-001a7dda7111,
a196305e-357f-11eb-9b1d-001a7dda7111,,a196305e-357f-11eb-9b1d-001a7dda7111,,a196305e-357f-11eb-9b1d-001a7dda7111,
a19741bb-357f-11eb-89f8-001a7dda7111,,a19741bb-357f-11eb-89f8-001a7dda7111,,a19741bb-357f-11eb-89f8-001a7dda7111,
a195bad0-357f-11eb-ae3c-001a7dda7111,,a195bad0-357f-11eb-ae3c-001a7dda7111,,a195bad0-357f-11eb-ae3c-001a7dda7111,
a1956cf5-357f-11eb-a5f6-001a7dda7111,,a1956cf5-357f-11eb-a5f6-001a7dda7111,,a1956cf5-357f-11eb-a5f6-001a7dda7111,
a198059b-357f-11eb-a3d4-001a7dda7111,,a198059b-357f-11eb-a3d4-001a7dda7111,,a198059b-357f-11eb-a3d4-001a7dda7111,
a196a57a-357f-11eb-b1e2-001a7dda7111,,a196a57a-357f-11eb-b1e2-001a7dda7111,,a196a57a-357f-11eb-b1e2-001a7dda7111,
a197b6ee-357f-11eb-9b38-001a7dda7111,,a197b6ee-357f-11eb-9b38-001a7dda7111,,a197b6ee-357f-11eb-9b38-001a7dda7111,
a19852e9-357f-11eb-92f6-001a7dda7111,,a19852e9-357f-11eb-92f6-001a7dda7111,,a19852e9-357f-11eb-92f6-001a7dda7111,
a19593ec-357f-11eb-8adf-001a7dda7111,,a19593ec-357f-11eb-8adf-001a7dda7111,,a19593ec-357f-11eb-8adf-001a7dda7111,
a1982be9-357f-11eb-9749-001a7dda7111,,a1982be9-357f-11eb-9749-001a7dda7111,,a1982be9-357f-11eb-9749-001a7dda7111,
a19609b4-357f-11eb-b94f-001a7dda7111,,a19609b4-357f-11eb-b94f-001a7dda7111,,a19609b4-357f-11eb-b94f-001a7dda7111,
a1982cb1-357f-11eb-8638-001a7dda7111,,a1982cb1-357f-11eb-8638-001a7dda7111,,a1982cb1-357f-11eb-8638-001a7dda7111,
a196f3a2-357f-11eb-bb13-001a7dda7111,,a196f3a2-357f-11eb-bb13-001a7dda7111,,a196f3a2-357f-11eb-bb13-001a7dda7111,
a19741da-357f-11eb-8a51-001a7dda7111,,a19741da-357f-11eb-8a51-001a7dda7111,,a19741da-357f-11eb-8a51-001a7dda7111,
a196097a-357f-11eb-b2ed-001a7dda7111,,a196097a-357f-11eb-b2ed-001a7dda7111,,a196097a-357f-11eb-b2ed-001a7dda7111,
a195bb11-357f-11eb-b4f1-001a7dda7111,,a195bb11-357f-11eb-b4f1-001a7dda7111,,a195bb11-357f-11eb-b4f1-001a7dda7111,
a1963056-357f-11eb-bb90-001a7dda7111,,a1963056-357f-11eb-bb90-001a7dda7111,,a1963056-357f-11eb-bb90-001a7dda7111,
a196578b-357f-11eb-a121-001a7dda7111,,a196578b-357f-11eb-a121-001a7dda7111,,a196578b-357f-11eb-a121-001a7dda7111,
a1978fab-357f-11eb-aaa9-001a7dda7111,,a1978fab-357f-11eb-aaa9-001a7dda7111,,a1978fab-357f-11eb-aaa9-001a7dda7111,
a1982c06-357f-11eb-a2ba-001a7dda7111,,a1982c06-357f-11eb-a2ba-001a7dda7111,,a1982c06-357f-11eb-a2ba-001a7dda7111,
a1965745-357f-11eb-aeae-001a7dda7111,,a1965745-357f-11eb-aeae-001a7dda7111,,a1965745-357f-11eb-aeae-001a7dda7111,
a197b70c-357f-11eb-bd0b-001a7dda7111,,a197b70c-357f-11eb-bd0b-001a7dda7111,,a197b70c-357f-11eb-bd0b-001a7dda7111,
a19593bf-357f-11eb-96fe-001a7dda7111,,a19593bf-357f-11eb-96fe-001a7dda7111,,a19593bf-357f-11eb-96fe-001a7dda7111,
a1978fb1-357f-11eb-88f5-001a7dda7111,,a1978fb1-357f-11eb-88f5-001a7dda7111,,a1978fb1-357f-11eb-88f5-001a7dda7111,
a195bb4c-357f-11eb-8ade-001a7dda7111,,a195bb4c-357f-11eb-8ade-001a7dda7111,,a195bb4c-357f-11eb-8ade-001a7dda7111,
a1960998-357f-11eb-9566-001a7dda7111,,a1960998-357f-11eb-9566-001a7dda7111,,a1960998-357f-11eb-9566-001a7dda7111,
a196a568-357f-11eb-9e79-001a7dda7111,,a196a568-357f-11eb-9e79-001a7dda7111,,a196a568-357f-11eb-9e79-001a7dda7111,
a19768b1-357f-11eb-ac81-001a7dda7111,,a19768b1-357f-11eb-ac81-001a7dda7111,,a19768b1-357f-11eb-ac81-001a7dda7111,
a197419e-357f-11eb-9993-001a7dda7111,,a197419e-357f-11eb-9993-001a7dda7111,,a197419e-357f-11eb-9993-001a7dda7111,
a19657b0-357f-11eb-af77-001a7dda7111,,a19657b0-357f-11eb-af77-001a7dda7111,,a19657b0-357f-11eb-af77-001a7dda7111,
a196573d-357f-11eb-8282-001a7dda7111,,a196573d-357f-11eb-8282-001a7dda7111,,a196573d-357f-11eb-8282-001a7dda7111,
a196a546-357f-11eb-921e-001a7dda7111,,a196a546-357f-11eb-921e-001a7dda7111,,a196a546-357f-11eb-921e-001a7dda7111,
a19545b8-357f-11eb-ae95-001a7dda7111,,a19545b8-357f-11eb-ae95-001a7dda7111,,a19545b8-357f-11eb-ae95-001a7dda7111,
a196f3c5-357f-11eb-a3f1-001a7dda7111,,a196f3c5-357f-11eb-a3f1-001a7dda7111,,a196f3c5-357f-11eb-a3f1-001a7dda7111,
a19609cb-357f-11eb-b0b6-001a7dda7111,,a19609cb-357f-11eb-b0b6-001a7dda7111,,a19609cb-357f-11eb-b0b6-001a7dda7111,
a196302e-357f-11eb-8d1e-001a7dda7111,,a196302e-357f-11eb-8d1e-001a7dda7111,,a196302e-357f-11eb-8d1e-001a7dda7111,
a19804f5-357f-11eb-a001-001a7dda7111,,a19804f5-357f-11eb-a001-001a7dda7111,,a19804f5-357f-11eb-a001-001a7dda7111,
a1965766-357f-11eb-92da-001a7dda7111,,a1965766-357f-11eb-92da-001a7dda7111,,a1965766-357f-11eb-92da-001a7dda7111,
a195bae0-357f-11eb-b35c-001a7dda7111,,a195bae0-357f-11eb-b35c-001a7dda7111,,a195bae0-357f-11eb-b35c-001a7dda7111,
a1960933-357f-11eb-9059-001a7dda7111,,a1960933-357f-11eb-9059-001a7dda7111,,a1960933-357f-11eb-9059-001a7dda7111,
a196cc58-357f-11eb-b24a-001a7dda7111,,a196cc58-357f-11eb-b24a-001a7dda7111,,a196cc58-357f-11eb-b24a-001a7dda7111,
a1971aa3-357f-11eb-8416-001a7dda7111,,a1971aa3-357f-11eb-8416-001a7dda7111,,a1971aa3-357f-11eb-8416-001a7dda7111,
a1963048-357f-11eb-a46d-001a7dda7111,,a1963048-357f-11eb-a46d-001a7dda7111,,a1963048-357f-11eb-a46d-001a7dda7111,
a19804c1-357f-11eb-b311-001a7dda7111,,a19804c1-357f-11eb-b311-001a7dda7111,,a19804c1-357f-11eb-b311-001a7dda7111,
a1982c67-357f-11eb-bef1-001a7dda7111,,a1982c67-357f-11eb-bef1-001a7dda7111,,a1982c67-357f-11eb-bef1-001a7dda7111,
a1956cb2-357f-11eb-9c47-001a7dda7111,,a1956cb2-357f-11eb-9c47-001a7dda7111,,a1956cb2-357f-11eb-9c47-001a7dda7111,
a19545ed-357f-11eb-9ed0-001a7dda7111,,a19545ed-357f-11eb-9ed0-001a7dda7111,,a19545ed-357f-11eb-9ed0-001a7dda7111,
a1951f26-357f-11eb-869e-001a7dda7111,,a1951f26-357f-11eb-869e-001a7dda7111,,a1951f26-357f-11eb-869e-001a7dda7111,
a195e259-357f-11eb-ba43-001a7dda7111,,a195e259-357f-11eb-ba43-001a7dda7111,,a195e259-357f-11eb-ba43-001a7dda7111,
a198053e-357f-11eb-8c13-001a7dda7111,,a198053e-357f-11eb-8c13-001a7dda7111,,a198053e-357f-11eb-8c13-001a7dda7111,
a195e1f8-357f-11eb-b29e-001a7dda7111,,a195e1f8-357f-11eb-b29e-001a7dda7111,,a195e1f8-357f-11eb-b29e-001a7dda7111,
a196f3d0-357f-11eb-943f-001a7dda7111,,a196f3d0-357f-11eb-943f-001a7dda7111,,a196f3d0-357f-11eb-943f-001a7dda7111,
a1971aa4-357f-11eb-ac81-001a7dda7111,,a1971aa4-357f-11eb-ac81-001a7dda7111,,a1971aa4-357f-11eb-ac81-001a7dda7111,
a19805b8-357f-11eb-965e-001a7dda7111,,a19805b8-357f-11eb-965e-001a7dda7111,,a19805b8-357f-11eb-965e-001a7dda7111,
a1982c2a-357f-11eb-970d-001a7dda7111,,a1982c2a-357f-11eb-970d-001a7dda7111,,a1982c2a-357f-11eb-970d-001a7dda7111,
a1963020-357f-11eb-b911-001a7dda7111,,a1963020-357f-11eb-b911-001a7dda7111,,a1963020-357f-11eb-b911-001a7dda7111,
a19657a3-357f-11eb-af30-001a7dda7111,,a19657a3-357f-11eb-af30-001a7dda7111,,a19657a3-357f-11eb-af30-001a7dda7111,
a1982c82-357f-11eb-981f-001a7dda7111,,a1982c82-357f-11eb-981f-001a7dda7111,,a1982c82-357f-11eb-981f-001a7dda7111,
a197de2d-357f-11eb-9392-001a7dda7111,,a197de2d-357f-11eb-9392-001a7dda7111,,a197de2d-357f-11eb-9392-001a7dda7111,
a19593d0-357f-11eb-9fea-001a7dda7111,,a19593d0-357f-11eb-9fea-001a7dda7111,,a19593d0-357f-11eb-9fea-001a7dda7111,
a1978f99-357f-11eb-8a04-001a7dda7111,,a1978f99-357f-11eb-8a04-001a7dda7111,,a1978f99-357f-11eb-8a04-001a7dda7111,
a1951f10-357f-11eb-87e9-001a7dda7111,,a1951f10-357f-11eb-87e9-001a7dda7111,,a1951f10-357f-11eb-87e9-001a7dda7111,
a19768b7-357f-11eb-9fbf-001a7dda7111,,a19768b7-357f-11eb-9fbf-001a7dda7111,,a19768b7-357f-11eb-9fbf-001a7dda7111,
a1978fcc-357f-11eb-804c-001a7dda7111,,a1978fcc-357f-11eb-804c-001a7dda7111,,a1978fcc-357f-11eb-804c-001a7dda7111,
a1956cb9-357f-11eb-9c2a-001a7dda7111,,a1956cb9-357f-11eb-9c2a-001a7dda7111,,a1956cb9-357f-11eb-9c2a-001a7dda7111,
a1978ff9-357f-11eb-b368-001a7dda7111,,a1978ff9-357f-11eb-b368-001a7dda7111,,a1978ff9-357f-11eb-b368-001a7dda7111,
a19593ee-357f-11eb-a1ac-001a7dda7111,,a19593ee-357f-11eb-a1ac-001a7dda7111,,a19593ee-357f-11eb-a1ac-001a7dda7111,
a1956cfa-357f-11eb-9673-001a7dda7111,,a1956cfa-357f-11eb-9673-001a7dda7111,,a1956cfa-357f-11eb-9673-001a7dda7111,
a194f783-357f-11eb-9ee2-001a7dda7111,,a194f783-357f-11eb-9ee2-001a7dda7111,,a194f783-357f-11eb-9ee2-001a7dda7111,
a196099e-357f-11eb-96dd-001a7dda7111,,a196099e-357f-11eb-96dd-001a7dda7111,,a196099e-357f-11eb-96dd-001a7dda7111,
a197b6c1-357f-11eb-921c-001a7dda7111,,a197b6c1-357f-11eb-921c-001a7dda7111,,a197b6c1-357f-11eb-921c-001a7dda7111,
a1982c9f-357f-11eb-ba06-001a7dda7111,,a1982c9f-357f-11eb-ba06-001a7dda7111,,a1982c9f-357f-11eb-ba06-001a7dda7111,
a1960947-357f-11eb-8838-001a7dda7111,,a1960947-357f-11eb-8838-001a7dda7111,,a1960947-357f-11eb-8838-001a7dda7111,
a1971ab0-357f-11eb-af1d-001a7dda7111,,a1971ab0-357f-11eb-af1d-001a7dda7111,,a1971ab0-357f-11eb-af1d-001a7dda7111,
a19656fb-357f-11eb-885d-001a7dda7111,,a19656fb-357f-11eb-885d-001a7dda7111,,a19656fb-357f-11eb-885d-001a7dda7111,
a1967e51-357f-11eb-936f-001a7dda7111,,a1967e51-357f-11eb-936f-001a7dda7111,,a1967e51-357f-11eb-936f-001a7dda7111,
a19657c5-357f-11eb-80ef-001a7dda7111,,a19657c5-357f-11eb-80ef-001a7dda7111,,a19657c5-357f-11eb-80ef-001a7dda7111,
a1978fd0-357f-11eb-989c-001a7dda7111,,a1978fd0-357f-11eb-989c-001a7dda7111,,a1978fd0-357f-11eb-989c-001a7dda7111,
a1967e52-357f-11eb-bca8-001a7dda7111,,a1967e52-357f-11eb-bca8-001a7dda7111,,a1967e52-357f-11eb-bca8-001a7dda7111,
a19804d1-357f-11eb-9518-001a7dda7111,,a19804d1-357f-11eb-9518-001a7dda7111,,a19804d1-357f-11eb-9518-001a7dda7111,
a195bad4-357f-11eb-99ae-001a7dda7111,,a195bad4-357f-11eb-99ae-001a7dda7111,,a195bad4-357f-11eb-99ae-001a7dda7111,
a198051c-357f-11eb-a7cb-001a7dda7111,,a198051c-357f-11eb-a7cb-001a7dda7111,,a198051c-357f-11eb-a7cb-001a7dda7111,
a195e214-357f-11eb-b09c-001a7dda7111,,a195e214-357f-11eb-b09c-001a7dda7111,,a195e214-357f-11eb-b09c-001a7dda7111,
a1965769-357f-11eb-979d-001a7dda7111,,a1965769-357f-11eb-979d-001a7dda7111,,a1965769-357f-11eb-979d-001a7dda7111,
a1951f13-357f-11eb-ae4f-001a7dda7111,,a1951f13-357f-11eb-ae4f-001a7dda7111,,a1951f13-357f-11eb-ae4f-001a7dda7111,
a195e21c-357f-11eb-b93b-001a7dda7111,,a195e21c-357f-11eb-b93b-001a7dda7111,,a195e21c-357f-11eb-b93b-001a7dda7111,
a1976896-357f-11eb-b03c-001a7dda7111,,a1976896-357f-11eb-b03c-001a7dda7111,,a1976896-357f-11eb-b03c-001a7dda7111,
a1960973-357f-11eb-ab24-001a7dda7111,,a1960973-357f-11eb-ab24-001a7dda7111,,a1960973-357f-11eb-ab24-001a7dda7111,
a195bae9-357f-11eb-b01c-001a7dda7111,,a195bae9-357f-11eb-b01c-001a7dda7111,,a195bae9-357f-11eb-b01c-001a7dda7111,
a1963015-357f-11eb-a1d3-001a7dda7111,,a1963015-357f-11eb-a1d3-001a7dda7111,,a1963015-357f-11eb-a1d3-001a7dda7111,
a1982c79-357f-11eb-af7c-001a7dda7111,,a1982c79-357f-11eb-af7c-001a7dda7111,,a1982c79-357f-11eb-af7c-001a7dda7111,
a1960948-357f-11eb-bf70-001a7dda7111,,a1960948-357f-11eb-bf70-001a7dda7111,,a1960948-357f-11eb-bf70-001a7dda7111,
a1959414-357f-11eb-a366-001a7dda7111,,a1959414-357f-11eb-a366-001a7dda7111,,a1959414-357f-11eb-a366-001a7dda7111,
a197dddb-357f-11eb-b654-001a7dda7111,,a197dddb-357f-11eb-b654-001a7dda7111,,a197dddb-357f-11eb-b654-001a7dda7111,
a1978fb8-357f-11eb-90ba-001a7dda7111,,a1978fb8-357f-11eb-90ba-001a7dda7111,,a1978fb8-357f-11eb-90ba-001a7dda7111,
a1967e5a-357f-11eb-95d9-001a7dda7111,,a1967e5a-357f-11eb-95d9-001a7dda7111,,a1967e5a-357f-11eb-95d9-001a7dda7111,
a1959428-357f-11eb-86b8-001a7dda7111,,a1959428-357f-11eb-86b8-001a7dda7111,,a1959428-357f-11eb-86b8-001a7dda7111,
a19545c5-357f-11eb-9865-001a7dda7111,,a19545c5-357f-11eb-9865-001a7dda7111,,a19545c5-357f-11eb-9865-001a7dda7111,
a195e263-357f-11eb-aa84-001a7dda7111,,a195e263-357f-11eb-aa84-001a7dda7111,,a195e263-357f-11eb-aa84-001a7dda7111,
a1971ab9-357f-11eb-bdda-001a7dda7111,,a1971ab9-357f-11eb-bdda-001a7dda7111,,a1971ab9-357f-11eb-bdda-001a7dda7111,
a1965738-357f-11eb-be9e-001a7dda7111,,a1965738-357f-11eb-be9e-001a7dda7111,,a1965738-357f-11eb-be9e-001a7dda7111,
a1956cf6-357f-11eb-a19e-001a7dda7111,,a1956cf6-357f-11eb-a19e-001a7dda7111,,a1956cf6-357f-11eb-a19e-001a7dda7111,
a1959427-357f-11eb-8e4e-001a7dda7111,,a1959427-357f-11eb-8e4e-001a7dda7111,,a1959427-357f-11eb-8e4e-001a7dda7111,
a196a53d-357f-11eb-9ee7-001a7dda7111,,a196a53d-357f-11eb-9ee7-001a7dda7111,,a196a53d-357f-11eb-9ee7-001a7dda7111,
a19741af-357f-11eb-b7ce-001a7dda7111,,a19741af-357f-11eb-b7ce-001a7dda7111,,a19741af-357f-11eb-b7ce-001a7dda7111,
a196092d-357f-11eb-974f-001a7dda7111,,a196092d-357f-11eb-974f-001a7dda7111,,a196092d-357f-11eb-974f-001a7dda7111,
a1967e57-357f-11eb-b087-001a7dda7111,,a1967e57-357f-11eb-b087-001a7dda7111,,a1967e57-357f-11eb-b087-001a7dda7111,
a197dded-357f-11eb-83f2-001a7dda7111,,a197dded-357f-11eb-83f2-001a7dda7111,,a197dded-357f-11eb-83f2-001a7dda7111,
a19741b5-357f-11eb-af91-001a7dda7111,,a19741b5-357f-11eb-af91-001a7dda7111,,a19741b5-357f-11eb-af91-001a7dda7111,
a19545b1-357f-11eb-a00c-001a7dda7111,,a19545b1-357f-11eb-a00c-001a7dda7111,,a19545b1-357f-11eb-a00c-001a7dda7111,
a1982c33-357f-11eb-b746-001a7dda7111,,a1982c33-357f-11eb-b746-001a7dda7111,,a1982c33-357f-11eb-b746-001a7dda7111,
a1967e91-357f-11eb-baaa-001a7dda7111,,a1967e91-357f-11eb-baaa-001a7dda7111,,a1967e91-357f-11eb-baaa-001a7dda7111,
a1951ef2-357f-11eb-afc3-001a7dda7111,,a1951ef2-357f-11eb-afc3-001a7dda7111,,a1951ef2-357f-11eb-afc3-001a7dda7111,
a19741d9-357f-11eb-a319-001a7dda7111,,a19741d9-357f-11eb-a319-001a7dda7111,,a19741d9-357f-11eb-a319-001a7dda7111,
a195bad9-357f-11eb-8923-001a7dda7111,,a195bad9-357f-11eb-8923-001a7dda7111,,a195bad9-357f-11eb-8923-001a7dda7111,
a1956cbc-357f-11eb-bfe1-001a7dda7111,,a1956cbc-357f-11eb-bfe1-001a7dda7111,,a1956cbc-357f-11eb-bfe1-001a7dda7111,
a1951f12-357f-11eb-86fa-001a7dda7111,,a1951f12-357f-11eb-86fa-001a7dda7111,,a1951f12-357f-11eb-86fa-001a7dda7111,
a195e255-357f-11eb-aed1-001a7dda7111,,a195e255-357f-11eb-aed1-001a7dda7111,,a195e255-357f-11eb-aed1-001a7dda7111,
a196f3d1-357f-11eb-bc78-001a7dda7111,,a196f3d1-357f-11eb-bc78-001a7dda7111,,a196f3d1-357f-11eb-bc78-001a7dda7111,
a19545ec-357f-11eb-8af8-001a7dda7111,,a19545ec-357f-11eb-8af8-001a7dda7111,,a19545ec-357f-11eb-8af8-001a7dda7111,
a1978f95-357f-11eb-a282-001a7dda7111,,a1978f95-357f-11eb-a282-001a7dda7111,,a1978f95-357f-11eb-a282-001a7dda7111,
a1963089-357f-11eb-ab3b-001a7dda7111,,a1963089-357f-11eb-ab3b-001a7dda7111,,a1963089-357f-11eb-ab3b-001a7dda7111,
a198050e-357f-11eb-af44-001a7dda7111,,a198050e-357f-11eb-af44-001a7dda7111,,a198050e-357f-11eb-af44-001a7dda7111,
a1962ff2-357f-11eb-8dff-001a7dda7111,,a1962ff2-357f-11eb-8dff-001a7dda7111,,a1962ff2-357f-11eb-8dff-001a7dda7111,
a197ddab-357f-11eb-9b1b-001a7dda7111,,a197ddab-357f-11eb-9b1b-001a7dda7111,,a197ddab-357f-11eb-9b1b-001a7dda7111,
a195baf8-357f-11eb-a6b5-001a7dda7111,,a195baf8-357f-11eb-a6b5-001a7dda7111,,a195baf8-357f-11eb-a6b5-001a7dda7111,
a196cc4a-357f-11eb-9cee-001a7dda7111,,a196cc4a-357f-11eb-9cee-001a7dda7111,,a196cc4a-357f-11eb-9cee-001a7dda7111,
a1982c7c-357f-11eb-abcd-001a7dda7111,,a1982c7c-357f-11eb-abcd-001a7dda7111,,a1982c7c-357f-11eb-abcd-001a7dda7111,
a196cc5d-357f-11eb-bc9a-001a7dda7111,,a196cc5d-357f-11eb-bc9a-001a7dda7111,,a196cc5d-357f-11eb-bc9a-001a7dda7111,
a19741d4-357f-11eb-90e0-001a7dda7111,,a19741d4-357f-11eb-90e0-001a7dda7111,,a19741d4-357f-11eb-90e0-001a7dda7111,
a1951eb1-357f-11eb-815d-001a7dda7111,,a1951eb1-357f-11eb-815d-001a7dda7111,,a1951eb1-357f-11eb-815d-001a7dda7111,
a196a55d-357f-11eb-bb93-001a7dda7111,,a196a55d-357f-11eb-bb93-001a7dda7111,,a196a55d-357f-11eb-bb93-001a7dda7111,
a195e202-357f-11eb-b1aa-001a7dda7111,,a195e202-357f-11eb-b1aa-001a7dda7111,,a195e202-357f-11eb-b1aa-001a7dda7111,
a1978fac-357f-11eb-a084-001a7dda7111,,a1978fac-357f-11eb-a084-001a7dda7111,,a1978fac-357f-11eb-a084-001a7dda7111,
a197688a-357f-11eb-acd9-001a7dda7111,,a197688a-357f-11eb-acd9-001a7dda7111,,a197688a-357f-11eb-acd9-001a7dda7111,
a19852f8-357f-11eb-8c26-001a7dda7111,,a19852f8-357f-11eb-8c26-001a7dda7111,,a19852f8-357f-11eb-8c26-001a7dda7111,
a1951ea1-357f-11eb-9e7b-001a7dda7111,,a1951ea1-357f-11eb-9e7b-001a7dda7111,,a1951ea1-357f-11eb-9e7b-001a7dda7111,
a1978fc3-357f-11eb-877d-001a7dda7111,,a1978fc3-357f-11eb-877d-001a7dda7111,,a1978fc3-357f-11eb-877d-001a7dda7111,
a195e20d-357f-11eb-89f6-001a7dda7111,,a195e20d-357f-11eb-89f6-001a7dda7111,,a195e20d-357f-11eb-89f6-001a7dda7111,
a19768bf-357f-11eb-bd14-001a7dda7111,,a19768bf-357f-11eb-bd14-001a7dda7111,,a19768bf-357f-11eb-bd14-001a7dda7111,
a19741e8-357f-11eb-9926-001a7dda7111,,a19741e8-357f-11eb-9926-001a7dda7111,,a19741e8-357f-11eb-9926-001a7dda7111,
a196a56a-357f-11eb-90a9-001a7dda7111,,a196a56a-357f-11eb-90a9-001a7dda7111,,a196a56a-357f-11eb-90a9-001a7dda7111,
a1971a80-357f-11eb-8e5c-001a7dda7111,,a1971a80-357f-11eb-8e5c-001a7dda7111,,a1971a80-357f-11eb-8e5c-001a7dda7111,
a196095a-357f-11eb-bf18-001a7dda7111,,a196095a-357f-11eb-bf18-001a7dda7111,,a196095a-357f-11eb-bf18-001a7dda7111,
a1982c5a-357f-11eb-b2e8-001a7dda7111,,a1982c5a-357f-11eb-b2e8-001a7dda7111,,a1982c5a-357f-11eb-b2e8-001a7dda7111,
a1963063-357f-11eb-9d67-001a7dda7111,,a1963063-357f-11eb-9d67-001a7dda7111,,a1963063-357f-11eb-9d67-001a7dda7111,
a1956cd8-357f-11eb-b547-001a7dda7111,,a1956cd8-357f-11eb-b547-001a7dda7111,,a1956cd8-357f-11eb-b547-001a7dda7111,
a196098f-357f-11eb-b049-001a7dda7111,,a196098f-357f-11eb-b049-001a7dda7111,,a196098f-357f-11eb-b049-001a7dda7111,
a197b6ab-357f-11eb-a35b-001a7dda7111,,a197b6ab-357f-11eb-a35b-001a7dda7111,,a197b6ab-357f-11eb-a35b-001a7dda7111,
a195bb51-357f-11eb-9b14-001a7dda7111,,a195bb51-357f-11eb-9b14-001a7dda7111,,a195bb51-357f-11eb-9b14-001a7dda7111,
a196f3a9-357f-11eb-9fa0-001a7dda7111,,a196f3a9-357f-11eb-9fa0-001a7dda7111,,a196f3a9-357f-11eb-9fa0-001a7dda7111,
a1951ea4-357f-11eb-a591-001a7dda7111,,a1951ea4-357f-11eb-a591-001a7dda7111,,a1951ea4-357f-11eb-a591-001a7dda7111,
a1951f23-357f-11eb-bcf1-001a7dda7111,,a1951f23-357f-11eb-bcf1-001a7dda7111,,a1951f23-357f-11eb-bcf1-001a7dda7111,
a19852ee-357f-11eb-876a-001a7dda7111,,a19852ee-357f-11eb-876a-001a7dda7111,,a19852ee-357f-11eb-876a-001a7dda7111,
a19593d8-357f-11eb-b8b7-001a7dda7111,,a19593d8-357f-11eb-b8b7-001a7dda7111,,a19593d8-357f-11eb-b8b7-001a7dda7111,
a197689f-357f-11eb-8e48-001a7dda7111,,a197689f-357f-11eb-8e48-001a7dda7111,,a197689f-357f-11eb-8e48-001a7dda7111,
a1965736-357f-11eb-a2f3-001a7dda7111,,a1965736-357f-11eb-a2f3-001a7dda7111,,a1965736-357f-11eb-a2f3-001a7dda7111,
a19545ea-357f-11eb-9dc0-001a7dda7111,,a19545ea-357f-11eb-9dc0-001a7dda7111,,a19545ea-357f-11eb-9dc0-001a7dda7111,
a19608fe-357f-11eb-ab16-001a7dda7111,,a19608fe-357f-11eb-ab16-001a7dda7111,,a19608fe-357f-11eb-ab16-001a7dda7111,
a196090c-357f-11eb-8d54-001a7dda7111,,a196090c-357f-11eb-8d54-001a7dda7111,,a196090c-357f-11eb-8d54-001a7dda7111,
a19805bd-357f-11eb-b68a-001a7dda7111,,a19805bd-357f-11eb-b68a-001a7dda7111,,a19805bd-357f-11eb-b68a-001a7dda7111,
a1982c59-357f-11eb-9e4a-001a7dda7111,,a1982c59-357f-11eb-9e4a-001a7dda7111,,a1982c59-357f-11eb-9e4a-001a7dda7111,
a1956d06-357f-11eb-856b-001a7dda7111,,a1956d06-357f-11eb-856b-001a7dda7111,,a1956d06-357f-11eb-856b-001a7dda7111,
a1963064-357f-11eb-bc18-001a7dda7111,,a1963064-357f-11eb-bc18-001a7dda7111,,a1963064-357f-11eb-bc18-001a7dda7111,
a1971ad8-357f-11eb-aa02-001a7dda7111,,a1971ad8-357f-11eb-aa02-001a7dda7111,,a1971ad8-357f-11eb-aa02-001a7dda7111,
a1967e88-357f-11eb-b1fc-001a7dda7111,,a1967e88-357f-11eb-b1fc-001a7dda7111,,a1967e88-357f-11eb-b1fc-001a7dda7111,
a1978f83-357f-11eb-bb43-001a7dda7111,,a1978f83-357f-11eb-bb43-001a7dda7111,,a1978f83-357f-11eb-bb43-001a7dda7111,
a196a59b-357f-11eb-a53c-001a7dda7111,,a196a59b-357f-11eb-a53c-001a7dda7111,,a196a59b-357f-11eb-a53c-001a7dda7111,
a196099b-357f-11eb-8cf7-001a7dda7111,,a196099b-357f-11eb-8cf7-001a7dda7111,,a196099b-357f-11eb-8cf7-001a7dda7111,
a1982c40-357f-11eb-ba7c-001a7dda7111,,a1982c40-357f-11eb-ba7c-001a7dda7111,,a1982c40-357f-11eb-ba7c-001a7dda7111,
a195bb32-357f-11eb-b275-001a7dda7111,,a195bb32-357f-11eb-b275-001a7dda7111,,a195bb32-357f-11eb-b275-001a7dda7111,
a196098d-357f-11eb-bfb7-001a7dda7111,,a196098d-357f-11eb-bfb7-001a7dda7111,,a196098d-357f-11eb-bfb7-001a7dda7111,
a196a5c2-357f-11eb-b534-001a7dda7111,,a196a5c2-357f-11eb-b534-001a7dda7111,,a196a5c2-357f-11eb-b534-001a7dda7111,
a1978fdb-357f-11eb-8d75-001a7dda7111,,a1978fdb-357f-11eb-8d75-001a7dda7111,,a1978fdb-357f-11eb-8d75-001a7dda7111,
a1963046-357f-11eb-aff6-001a7dda7111,,a1963046-357f-11eb-aff6-001a7dda7111,,a1963046-357f-11eb-aff6-001a7dda7111,
a19593df-357f-11eb-86a4-001a7dda7111,,a19593df-357f-11eb-86a4-001a7dda7111,,a19593df-357f-11eb-86a4-001a7dda7111,
a196a5c6-357f-11eb-a1d8-001a7dda7111,,a196a5c6-357f-11eb-a1d8-001a7dda7111,,a196a5c6-357f-11eb-a1d8-001a7dda7111,
a19593e1-357f-11eb-ad0e-001a7dda7111,,a19593e1-357f-11eb-ad0e-001a7dda7111,,a19593e1-357f-11eb-ad0e-001a7dda7111,
a1978ff4-357f-11eb-89b7-001a7dda7111,,a1978ff4-357f-11eb-89b7-001a7dda7111,,a1978ff4-357f-11eb-89b7-001a7dda7111,
a195e22d-357f-11eb-95fa-001a7dda7111,,a195e22d-357f-11eb-95fa-001a7dda7111,,a195e22d-357f-11eb-95fa-001a7dda7111,
a1965792-357f-11eb-baaf-001a7dda7111,,a1965792-357f-11eb-baaf-001a7dda7111,,a1965792-357f-11eb-baaf-001a7dda7111,
a1965756-357f-11eb-b1e0-001a7dda7111,,a1965756-357f-11eb-b1e0-001a7dda7111,,a1965756-357f-11eb-b1e0-001a7dda7111,
a1978fa9-357f-11eb-8008-001a7dda7111,,a1978fa9-357f-11eb-8008-001a7dda7111,,a1978fa9-357f-11eb-8008-001a7dda7111,
a1982c9a-357f-11eb-93b5-001a7dda7111,,a1982c9a-357f-11eb-93b5-001a7dda7111,,a1982c9a-357f-11eb-93b5-001a7dda7111,
a1951ecc-357f-11eb-bef2-001a7dda7111,,a1951ecc-357f-11eb-bef2-001a7dda7111,,a1951ecc-357f-11eb-bef2-001a7dda7111,
a19852eb-357f-11eb-a568-001a7dda7111,,a19852eb-357f-11eb-a568-001a7dda7111,,a19852eb-357f-11eb-a568-001a7dda7111,
a196579a-357f-11eb-8fad-001a7dda7111,,a196579a-357f-11eb-8fad-001a7dda7111,,a196579a-357f-11eb-8fad-001a7dda7111,
a1978fed-357f-11eb-85b7-001a7dda7111,,a1978fed-357f-11eb-85b7-001a7dda7111,,a1978fed-357f-11eb-85b7-001a7dda7111,
a19741c3-357f-11eb-a705-001a7dda7111,,a19741c3-357f-11eb-a705-001a7dda7111,,a19741c3-357f-11eb-a705-001a7dda7111,
a1965763-357f-11eb-8703-001a7dda7111,,a1965763-357f-11eb-8703-001a7dda7111,,a1965763-357f-11eb-8703-001a7dda7111,
a1960981-357f-11eb-a860-001a7dda7111,,a1960981-357f-11eb-a860-001a7dda7111,,a1960981-357f-11eb-a860-001a7dda7111,
a19768a7-357f-11eb-bccf-001a7dda7111,,a19768a7-357f-11eb-bccf-001a7dda7111,,a19768a7-357f-11eb-bccf-001a7dda7111,
a19768b3-357f-11eb-b7d3-001a7dda7111,,a19768b3-357f-11eb-b7d3-001a7dda7111,,a19768b3-357f-11eb-b7d3-001a7dda7111,
a1954602-357f-11eb-a469-001a7dda7111,,a1954602-357f-11eb-a469-001a7dda7111,,a1954602-357f-11eb-a469-001a7dda7111,
a19545fc-357f-11eb-babc-001a7dda7111,,a19545fc-357f-11eb-babc-001a7dda7111,,a19545fc-357f-11eb-babc-001a7dda7111,
a19805ba-357f-11eb-aa37-001a7dda7111,,a19805ba-357f-11eb-aa37-001a7dda7111,,a19805ba-357f-11eb-aa37-001a7dda7111,
a1971ad3-357f-11eb-9412-001a7dda7111,,a1971ad3-357f-11eb-9412-001a7dda7111,,a1971ad3-357f-11eb-9412-001a7dda7111,
a19593c2-357f-11eb-b9c0-001a7dda7111,,a19593c2-357f-11eb-b9c0-001a7dda7111,,a19593c2-357f-11eb-b9c0-001a7dda7111,
a196f376-357f-11eb-b10a-001a7dda7111,,a196f376-357f-11eb-b10a-001a7dda7111,,a196f376-357f-11eb-b10a-001a7dda7111,
a196cc46-357f-11eb-89bd-001a7dda7111,,a196cc46-357f-11eb-89bd-001a7dda7111,,a196cc46-357f-11eb-89bd-001a7dda7111,
a19545b0-357f-11eb-a234-001a7dda7111,,a19545b0-357f-11eb-a234-001a7dda7111,,a19545b0-357f-11eb-a234-001a7dda7111,
a1960904-357f-11eb-a35d-001a7dda7111,,a1960904-357f-11eb-a35d-001a7dda7111,,a1960904-357f-11eb-a35d-001a7dda7111,
a1951eb2-357f-11eb-88a6-001a7dda7111,,a1951eb2-357f-11eb-88a6-001a7dda7111,,a1951eb2-357f-11eb-88a6-001a7dda7111,
a198052c-357f-11eb-b975-001a7dda7111,,a198052c-357f-11eb-b975-001a7dda7111,,a198052c-357f-11eb-b975-001a7dda7111,
a195bb18-357f-11eb-8a27-001a7dda7111,,a195bb18-357f-11eb-8a27-001a7dda7111,,a195bb18-357f-11eb-8a27-001a7dda7111,
a1956cf3-357f-11eb-b68f-001a7dda7111,,a1956cf3-357f-11eb-b68f-001a7dda7111,,a1956cf3-357f-11eb-b68f-001a7dda7111,
a1963028-357f-11eb-8624-001a7dda7111,,a1963028-357f-11eb-8624-001a7dda7111,,a1963028-357f-11eb-8624-001a7dda7111,
a1967e70-357f-11eb-a1fe-001a7dda7111,,a1967e70-357f-11eb-a1fe-001a7dda7111,,a1967e70-357f-11eb-a1fe-001a7dda7111,
a1960972-357f-11eb-bdf6-001a7dda7111,,a1960972-357f-11eb-bdf6-001a7dda7111,,a1960972-357f-11eb-bdf6-001a7dda7111,
a196cc57-357f-11eb-bf07-001a7dda7111,,a196cc57-357f-11eb-bf07-001a7dda7111,,a196cc57-357f-11eb-bf07-001a7dda7111,
a195e1cf-357f-11eb-a906-001a7dda7111,,a195e1cf-357f-11eb-a906-001a7dda7111,,a195e1cf-357f-11eb-a906-001a7dda7111,
a197b700-357f-11eb-9b54-001a7dda7111,,a197b700-357f-11eb-9b54-001a7dda7111,,a197b700-357f-11eb-9b54-001a7dda7111,
a197b6cc-357f-11eb-bb52-001a7dda7111,,a197b6cc-357f-11eb-bb52-001a7dda7111,,a197b6cc-357f-11eb-bb52-001a7dda7111,
a196cc7b-357f-11eb-b556-001a7dda7111,,a196cc7b-357f-11eb-b556-001a7dda7111,,a196cc7b-357f-11eb-b556-001a7dda7111,
a19609c7-357f-11eb-be55-001a7dda7111,,a19609c7-357f-11eb-be55-001a7dda7111,,a19609c7-357f-11eb-be55-001a7dda7111,
a196a5c5-357f-11eb-8f00-001a7dda7111,,a196a5c5-357f-11eb-8f00-001a7dda7111,,a196a5c5-357f-11eb-8f00-001a7dda7111,
a19593c9-357f-11eb-b474-001a7dda7111,,a19593c9-357f-11eb-b474-001a7dda7111,,a19593c9-357f-11eb-b474-001a7dda7111,
a197b6ec-357f-11eb-ac1f-001a7dda7111,,a197b6ec-357f-11eb-ac1f-001a7dda7111,,a197b6ec-357f-11eb-ac1f-001a7dda7111,
a19741aa-357f-11eb-8e5c-001a7dda7111,,a19741aa-357f-11eb-8e5c-001a7dda7111,,a19741aa-357f-11eb-8e5c-001a7dda7111,
a1978fd7-357f-11eb-b940-001a7dda7111,,a1978fd7-357f-11eb-b940-001a7dda7111,,a1978fd7-357f-11eb-b940-001a7dda7111,
a196094c-357f-11eb-a102-001a7dda7111,,a196094c-357f-11eb-a102-001a7dda7111,,a196094c-357f-11eb-a102-001a7dda7111,
a1956cac-357f-11eb-aee6-001a7dda7111,,a1956cac-357f-11eb-aee6-001a7dda7111,,a1956cac-357f-11eb-aee6-001a7dda7111,
a196f3af-357f-11eb-a1aa-001a7dda7111,,a196f3af-357f-11eb-a1aa-001a7dda7111,,a196f3af-357f-11eb-a1aa-001a7dda7111,
a196cc4e-357f-11eb-b56b-001a7dda7111,,a196cc4e-357f-11eb-b56b-001a7dda7111,,a196cc4e-357f-11eb-b56b-001a7dda7111,
a1965733-357f-11eb-8d99-001a7dda7111,,a1965733-357f-11eb-8d99-001a7dda7111,,a1965733-357f-11eb-8d99-001a7dda7111,
a1960924-357f-11eb-97c5-001a7dda7111,,a1960924-357f-11eb-97c5-001a7dda7111,,a1960924-357f-11eb-97c5-001a7dda7111,
a19609be-357f-11eb-9409-001a7dda7111,,a19609be-357f-11eb-9409-001a7dda7111,,a19609be-357f-11eb-9409-001a7dda7111,
a195bb4d-357f-11eb-907d-001a7dda7111,,a195bb4d-357f-11eb-907d-001a7dda7111,,a195bb4d-357f-11eb-907d-001a7dda7111,
a1980586-357f-11eb-b1a4-001a7dda7111,,a1980586-357f-11eb-b1a4-001a7dda7111,,a1980586-357f-11eb-b1a4-001a7dda7111,
a196cc43-357f-11eb-a1ab-001a7dda7111,,a196cc43-357f-11eb-a1ab-001a7dda7111,,a196cc43-357f-11eb-a1ab-001a7dda7111,
a1956cdb-357f-11eb-a2b4-001a7dda7111,,a1956cdb-357f-11eb-a2b4-001a7dda7111,,a1956cdb-357f-11eb-a2b4-001a7dda7111,
a196091a-357f-11eb-ad55-001a7dda7111,,a196091a-357f-11eb-ad55-001a7dda7111,,a196091a-357f-11eb-ad55-001a7dda7111,
a1980528-357f-11eb-bf38-001a7dda7111,,a1980528-357f-11eb-bf38-001a7dda7111,,a1980528-357f-11eb-bf38-001a7dda7111,
a195e235-357f-11eb-8350-001a7dda7111,,a195e235-357f-11eb-8350-001a7dda7111,,a195e235-357f-11eb-8350-001a7dda7111,
a1960967-357f-11eb-836b-001a7dda7111,,a1960967-357f-11eb-836b-001a7dda7111,,a1960967-357f-11eb-836b-001a7dda7111,
a196098b-357f-11eb-bd9a-001a7dda7111,,a196098b-357f-11eb-bd9a-001a7dda7111,,a196098b-357f-11eb-bd9a-001a7dda7111,
a1956cb8-357f-11eb-932d-001a7dda7111,,a1956cb8-357f-11eb-932d-001a7dda7111,,a1956cb8-357f-11eb-932d-001a7dda7111,
a1967e8a-357f-11eb-a4e6-001a7dda7111,,a1967e8a-357f-11eb-a4e6-001a7dda7111,,a1967e8a-357f-11eb-a4e6-001a7dda7111,
a1951eb5-357f-11eb-98dd-001a7dda7111,,a1951eb5-357f-11eb-98dd-001a7dda7111,,a1951eb5-357f-11eb-98dd-001a7dda7111,
a1980563-357f-11eb-b8ef-001a7dda7111,,a1980563-357f-11eb-b8ef-001a7dda7111,,a1980563-357f-11eb-b8ef-001a7dda7111,
a196306a-357f-11eb-91a9-001a7dda7111,,a196306a-357f-11eb-91a9-001a7dda7111,,a196306a-357f-11eb-91a9-001a7dda7111,
a1971aa7-357f-11eb-806d-001a7dda7111,,a1971aa7-357f-11eb-806d-001a7dda7111,,a1971aa7-357f-11eb-806d-001a7dda7111,
a1959440-357f-11eb-99c0-001a7dda7111,,a1959440-357f-11eb-99c0-001a7dda7111,,a1959440-357f-11eb-99c0-001a7dda7111,
a195e209-357f-11eb-a95d-001a7dda7111,,a195e209-357f-11eb-a95d-001a7dda7111,,a195e209-357f-11eb-a95d-001a7dda7111,
a1960931-357f-11eb-abad-001a7dda7111,,a1960931-357f-11eb-abad-001a7dda7111,,a1960931-357f-11eb-abad-001a7dda7111,
a19852f6-357f-11eb-be05-001a7dda7111,,a19852f6-357f-11eb-be05-001a7dda7111,,a19852f6-357f-11eb-be05-001a7dda7111,
a1971a98-357f-11eb-9923-001a7dda7111,,a1971a98-357f-11eb-9923-001a7dda7111,,a1971a98-357f-11eb-9923-001a7dda7111,
a198054d-357f-11eb-889f-001a7dda7111,,a198054d-357f-11eb-889f-001a7dda7111,,a198054d-357f-11eb-889f-001a7dda7111,
a197b6e3-357f-11eb-90e8-001a7dda7111,,a197b6e3-357f-11eb-90e8-001a7dda7111,,a197b6e3-357f-11eb-90e8-001a7dda7111,
a196306c-357f-11eb-9ccf-001a7dda7111,,a196306c-357f-11eb-9ccf-001a7dda7111,,a196306c-357f-11eb-9ccf-001a7dda7111,
a197b6ae-357f-11eb-a88b-001a7dda7111,,a197b6ae-357f-11eb-a88b-001a7dda7111,,a197b6ae-357f-11eb-a88b-001a7dda7111,
a19741ec-357f-11eb-892d-001a7dda7111,,a19741ec-357f-11eb-892d-001a7dda7111,,a19741ec-357f-11eb-892d-001a7dda7111,
a195bad3-357f-11eb-9b59-001a7dda7111,,a195bad3-357f-11eb-9b59-001a7dda7111,,a195bad3-357f-11eb-9b59-001a7dda7111,
a195bb52-357f-11eb-93f8-001a7dda7111,,a195bb52-357f-11eb-93f8-001a7dda7111,,a195bb52-357f-11eb-93f8-001a7dda7111,
a1951f27-357f-11eb-9a65-001a7dda7111,,a1951f27-357f-11eb-9a65-001a7dda7111,,a1951f27-357f-11eb-9a65-001a7dda7111,
a1951ea2-357f-11eb-ba28-001a7dda7111,,a1951ea2-357f-11eb-ba28-001a7dda7111,,a1951ea2-357f-11eb-ba28-001a7dda7111,
a1980550-357f-11eb-ad65-001a7dda7111,,a1980550-357f-11eb-ad65-001a7dda7111,,a1980550-357f-11eb-ad65-001a7dda7111,
a1982c8e-357f-11eb-bf23-001a7dda7111,,a1982c8e-357f-11eb-bf23-001a7dda7111,,a1982c8e-357f-11eb-bf23-001a7dda7111,
a19768c2-357f-11eb-a1c1-001a7dda7111,,a19768c2-357f-11eb-a1c1-001a7dda7111,,a19768c2-357f-11eb-a1c1-001a7dda7111,
a1963023-357f-11eb-9fb6-001a7dda7111,,a1963023-357f-11eb-9fb6-001a7dda7111,,a1963023-357f-11eb-9fb6-001a7dda7111,
a196a54b-357f-11eb-82ed-001a7dda7111,,a196a54b-357f-11eb-82ed-001a7dda7111,,a196a54b-357f-11eb-82ed-001a7dda7111,
a1982c4d-357f-11eb-86e1-001a7dda7111,,a1982c4d-357f-11eb-86e1-001a7dda7111,,a1982c4d-357f-11eb-86e1-001a7dda7111,
a1982c3d-357f-11eb-a1a2-001a7dda7111,,a1982c3d-357f-11eb-a1a2-001a7dda7111,,a1982c3d-357f-11eb-a1a2-001a7dda7111,
a195942f-357f-11eb-93a5-001a7dda7111,,a195942f-357f-11eb-93a5-001a7dda7111,,a195942f-357f-11eb-93a5-001a7dda7111,
a196cc54-357f-11eb-9ffb-001a7dda7111,,a196cc54-357f-11eb-9ffb-001a7dda7111,,a196cc54-357f-11eb-9ffb-001a7dda7111,
a19805bc-357f-11eb-8e95-001a7dda7111,,a19805bc-357f-11eb-8e95-001a7dda7111,,a19805bc-357f-11eb-8e95-001a7dda7111,
a1982c58-357f-11eb-a902-001a7dda7111,,a1982c58-357f-11eb-a902-001a7dda7111,,a1982c58-357f-11eb-a902-001a7dda7111,
a1963081-357f-11eb-aaf3-001a7dda7111,,a1963081-357f-11eb-aaf3-001a7dda7111,,a1963081-357f-11eb-aaf3-001a7dda7111,
a19768b8-357f-11eb-8018-001a7dda7111,,a19768b8-357f-11eb-8018-001a7dda7111,,a19768b8-357f-11eb-8018-001a7dda7111,
a195e1f0-357f-11eb-bff5-001a7dda7111,,a195e1f0-357f-11eb-bff5-001a7dda7111,,a195e1f0-357f-11eb-bff5-001a7dda7111,
a1976898-357f-11eb-9f53-001a7dda7111,,a1976898-357f-11eb-9f53-001a7dda7111,,a1976898-357f-11eb-9f53-001a7dda7111,
a196099c-357f-11eb-abe4-001a7dda7111,,a196099c-357f-11eb-abe4-001a7dda7111,,a196099c-357f-11eb-abe4-001a7dda7111,
a195e254-357f-11eb-be23-001a7dda7111,,a195e254-357f-11eb-be23-001a7dda7111,,a195e254-357f-11eb-be23-001a7dda7111,
a1980588-357f-11eb-a26d-001a7dda7111,,a1980588-357f-11eb-a26d-001a7dda7111,,a1980588-357f-11eb-a26d-001a7dda7111,
a19768d7-357f-11eb-a991-001a7dda7111,,a19768d7-357f-11eb-a991-001a7dda7111,,a19768d7-357f-11eb-a991-001a7dda7111,
a195bb19-357f-11eb-a220-001a7dda7111,,a195bb19-357f-11eb-a220-001a7dda7111,,a195bb19-357f-11eb-a220-001a7dda7111,
a195e1fd-357f-11eb-9723-001a7dda7111,,a195e1fd-357f-11eb-9723-001a7dda7111,,a195e1fd-357f-11eb-9723-001a7dda7111,
a1982c1f-357f-11eb-a75f-001a7dda7111,,a1982c1f-357f-11eb-a75f-001a7dda7111,,a1982c1f-357f-11eb-a75f-001a7dda7111,
a197b6d5-357f-11eb-b3e0-001a7dda7111,,a197b6d5-357f-11eb-b3e0-001a7dda7111,,a197b6d5-357f-11eb-b3e0-001a7dda7111,
a195e1e1-357f-11eb-92d2-001a7dda7111,,a195e1e1-357f-11eb-92d2-001a7dda7111,,a195e1e1-357f-11eb-92d2-001a7dda7111,
a19741ef-357f-11eb-8c85-001a7dda7111,,a19741ef-357f-11eb-8c85-001a7dda7111,,a19741ef-357f-11eb-8c85-001a7dda7111,
a196a576-357f-11eb-bb4a-001a7dda7111,,a196a576-357f-11eb-bb4a-001a7dda7111,,a196a576-357f-11eb-bb4a-001a7dda7111,
a1978fe4-357f-11eb-8382-001a7dda7111,,a1978fe4-357f-11eb-8382-001a7dda7111,,a1978fe4-357f-11eb-8382-001a7dda7111,
a1967e50-357f-11eb-9d99-001a7dda7111,,a1967e50-357f-11eb-9d99-001a7dda7111,,a1967e50-357f-11eb-9d99-001a7dda7111,
a1971a89-357f-11eb-a22b-001a7dda7111,,a1971a89-357f-11eb-a22b-001a7dda7111,,a1971a89-357f-11eb-a22b-001a7dda7111,
a196a540-357f-11eb-aae6-001a7dda7111,,a196a540-357f-11eb-aae6-001a7dda7111,,a196a540-357f-11eb-aae6-001a7dda7111,
a195940e-357f-11eb-86d1-001a7dda7111,,a195940e-357f-11eb-86d1-001a7dda7111,,a195940e-357f-11eb-86d1-001a7dda7111,
a1978fd9-357f-11eb-a380-001a7dda7111,,a1978fd9-357f-11eb-a380-001a7dda7111,,a1978fd9-357f-11eb-a380-001a7dda7111,
a195e241-357f-11eb-97cd-001a7dda7111,,a195e241-357f-11eb-97cd-001a7dda7111,,a195e241-357f-11eb-97cd-001a7dda7111,
a196a582-357f-11eb-9c17-001a7dda7111,,a196a582-357f-11eb-9c17-001a7dda7111,,a196a582-357f-11eb-9c17-001a7dda7111,
a19545da-357f-11eb-ab8f-001a7dda7111,,a19545da-357f-11eb-ab8f-001a7dda7111,,a19545da-357f-11eb-ab8f-001a7dda7111,
a196308a-357f-11eb-87bc-001a7dda7111,,a196308a-357f-11eb-87bc-001a7dda7111,,a196308a-357f-11eb-87bc-001a7dda7111,
a19657d4-357f-11eb-a96b-001a7dda7111,,a19657d4-357f-11eb-a96b-001a7dda7111,,a19657d4-357f-11eb-a96b-001a7dda7111,
a195bb4a-357f-11eb-adce-001a7dda7111,,a195bb4a-357f-11eb-adce-001a7dda7111,,a195bb4a-357f-11eb-adce-001a7dda7111,
a1982be3-357f-11eb-ac7f-001a7dda7111,,a1982be3-357f-11eb-ac7f-001a7dda7111,,a1982be3-357f-11eb-ac7f-001a7dda7111,
a1967e45-357f-11eb-9294-001a7dda7111,,a1967e45-357f-11eb-9294-001a7dda7111,,a1967e45-357f-11eb-9294-001a7dda7111,
a1971aa1-357f-11eb-bf49-001a7dda7111,,a1971aa1-357f-11eb-bf49-001a7dda7111,,a1971aa1-357f-11eb-bf49-001a7dda7111,
a197dddf-357f-11eb-857e-001a7dda7111,,a197dddf-357f-11eb-857e-001a7dda7111,,a197dddf-357f-11eb-857e-001a7dda7111,
a1956d11-357f-11eb-bf6c-001a7dda7111,,a1956d11-357f-11eb-bf6c-001a7dda7111,,a1956d11-357f-11eb-bf6c-001a7dda7111,
a1960969-357f-11eb-a2ba-001a7dda7111,,a1960969-357f-11eb-a2ba-001a7dda7111,,a1960969-357f-11eb-a2ba-001a7dda7111,
a196307b-357f-11eb-9a77-001a7dda7111,,a196307b-357f-11eb-9a77-001a7dda7111,,a196307b-357f-11eb-9a77-001a7dda7111,
a196a55e-357f-11eb-8adc-001a7dda7111,,a196a55e-357f-11eb-8adc-001a7dda7111,,a196a55e-357f-11eb-8adc-001a7dda7111,
a196a5b5-357f-11eb-967b-001a7dda7111,,a196a5b5-357f-11eb-967b-001a7dda7111,,a196a5b5-357f-11eb-967b-001a7dda7111,
a19741eb-357f-11eb-b03f-001a7dda7111,,a19741eb-357f-11eb-b03f-001a7dda7111,,a19741eb-357f-11eb-b03f-001a7dda7111,
a1982c85-357f-11eb-8ce6-001a7dda7111,,a1982c85-357f-11eb-8ce6-001a7dda7111,,a1982c85-357f-11eb-8ce6-001a7dda7111,
a1963044-357f-11eb-b15e-001a7dda7111,,a1963044-357f-11eb-b15e-001a7dda7111,,a1963044-357f-11eb-b15e-001a7dda7111,
a1960910-357f-11eb-93ca-001a7dda7111,,a1960910-357f-11eb-93ca-001a7dda7111,,a1960910-357f-11eb-93ca-001a7dda7111,
a1965751-357f-11eb-909f-001a7dda7111,,a1965751-357f-11eb-909f-001a7dda7111,,a1965751-357f-11eb-909f-001a7dda7111,
a196a56c-357f-11eb-92db-001a7dda7111,,a196a56c-357f-11eb-92db-001a7dda7111,,a196a56c-357f-11eb-92db-001a7dda7111,
a19657b6-357f-11eb-8bf0-001a7dda7111,,a19657b6-357f-11eb-8bf0-001a7dda7111,,a19657b6-357f-11eb-8bf0-001a7dda7111,
a1978fd3-357f-11eb-9f2d-001a7dda7111,,a1978fd3-357f-11eb-9f2d-001a7dda7111,,a1978fd3-357f-11eb-9f2d-001a7dda7111,
a19609b5-357f-11eb-8ac5-001a7dda7111,,a19609b5-357f-11eb-8ac5-001a7dda7111,,a19609b5-357f-11eb-8ac5-001a7dda7111,
a196f394-357f-11eb-b61d-001a7dda7111,,a196f394-357f-11eb-b61d-001a7dda7111,,a196f394-357f-11eb-b61d-001a7dda7111,
a1978fa8-357f-11eb-8966-001a7dda7111,,a1978fa8-357f-11eb-8966-001a7dda7111,,a1978fa8-357f-11eb-8966-001a7dda7111,
a1963068-357f-11eb-bb42-001a7dda7111,,a1963068-357f-11eb-bb42-001a7dda7111,,a1963068-357f-11eb-bb42-001a7dda7111,
a1982c9e-357f-11eb-9306-001a7dda7111,,a1982c9e-357f-11eb-9306-001a7dda7111,,a1982c9e-357f-11eb-9306-001a7dda7111,
a1982beb-357f-11eb-8b71-001a7dda7111,,a1982beb-357f-11eb-8b71-001a7dda7111,,a1982beb-357f-11eb-8b71-001a7dda7111,
a196f3d6-357f-11eb-93f6-001a7dda7111,,a196f3d6-357f-11eb-93f6-001a7dda7111,,a196f3d6-357f-11eb-93f6-001a7dda7111,
a196cc99-357f-11eb-9b37-001a7dda7111,,a196cc99-357f-11eb-9b37-001a7dda7111,,a196cc99-357f-11eb-9b37-001a7dda7111,
a1963054-357f-11eb-a849-001a7dda7111,,a1963054-357f-11eb-a849-001a7dda7111,,a1963054-357f-11eb-a849-001a7dda7111,
a195bac7-357f-11eb-bfc8-001a7dda7111,,a195bac7-357f-11eb-bfc8-001a7dda7111,,a195bac7-357f-11eb-bfc8-001a7dda7111,
a1967e6e-357f-11eb-bf4e-001a7dda7111,,a1967e6e-357f-11eb-bf4e-001a7dda7111,,a1967e6e-357f-11eb-bf4e-001a7dda7111,
a197ddb5-357f-11eb-82b4-001a7dda7111,,a197ddb5-357f-11eb-82b4-001a7dda7111,,a197ddb5-357f-11eb-82b4-001a7dda7111,
a1980515-357f-11eb-937d-001a7dda7111,,a1980515-357f-11eb-937d-001a7dda7111,,a1980515-357f-11eb-937d-001a7dda7111,
a1959431-357f-11eb-a44e-001a7dda7111,,a1959431-357f-11eb-a44e-001a7dda7111,,a1959431-357f-11eb-a44e-001a7dda7111,
a1967e67-357f-11eb-a8be-001a7dda7111,,a1967e67-357f-11eb-a8be-001a7dda7111,,a1967e67-357f-11eb-a8be-001a7dda7111,
a19545c7-357f-11eb-b08b-001a7dda7111,,a19545c7-357f-11eb-b08b-001a7dda7111,,a19545c7-357f-11eb-b08b-001a7dda7111,
a1965740-357f-11eb-a3e4-001a7dda7111,,a1965740-357f-11eb-a3e4-001a7dda7111,,a1965740-357f-11eb-a3e4-001a7dda7111,
a196304c-357f-11eb-bdbe-001a7dda7111,,a196304c-357f-11eb-bdbe-001a7dda7111,,a196304c-357f-11eb-bdbe-001a7dda7111,
a19741b6-357f-11eb-9e32-001a7dda7111,,a19741b6-357f-11eb-9e32-001a7dda7111,,a19741b6-357f-11eb-9e32-001a7dda7111,
a197ddac-357f-11eb-9237-001a7dda7111,,a197ddac-357f-11eb-9237-001a7dda7111,,a197ddac-357f-11eb-9237-001a7dda7111,
a19609a9-357f-11eb-9002-001a7dda7111,,a19609a9-357f-11eb-9002-001a7dda7111,,a19609a9-357f-11eb-9002-001a7dda7111,
a195e1e6-357f-11eb-9824-001a7dda7111,,a195e1e6-357f-11eb-9824-001a7dda7111,,a195e1e6-357f-11eb-9824-001a7dda7111,
a1960900-357f-11eb-82fc-001a7dda7111,,a1960900-357f-11eb-82fc-001a7dda7111,,a1960900-357f-11eb-82fc-001a7dda7111,
a19656fc-357f-11eb-ac82-001a7dda7111,,a19656fc-357f-11eb-ac82-001a7dda7111,,a19656fc-357f-11eb-ac82-001a7dda7111,
a1965759-357f-11eb-9c4f-001a7dda7111,,a1965759-357f-11eb-9c4f-001a7dda7111,,a1965759-357f-11eb-9c4f-001a7dda7111,
a1956ccd-357f-11eb-998b-001a7dda7111,,a1956ccd-357f-11eb-998b-001a7dda7111,,a1956ccd-357f-11eb-998b-001a7dda7111,
a195bb31-357f-11eb-b01c-001a7dda7111,,a195bb31-357f-11eb-b01c-001a7dda7111,,a195bb31-357f-11eb-b01c-001a7dda7111,
a196cc7d-357f-11eb-8a60-001a7dda7111,,a196cc7d-357f-11eb-8a60-001a7dda7111,,a196cc7d-357f-11eb-8a60-001a7dda7111,
a19593fa-357f-11eb-bd30-001a7dda7111,,a19593fa-357f-11eb-bd30-001a7dda7111,,a19593fa-357f-11eb-bd30-001a7dda7111,
a196096e-357f-11eb-8137-001a7dda7111,,a196096e-357f-11eb-8137-001a7dda7111,,a196096e-357f-11eb-8137-001a7dda7111,
a196091c-357f-11eb-9e7d-001a7dda7111,,a196091c-357f-11eb-9e7d-001a7dda7111,,a196091c-357f-11eb-9e7d-001a7dda7111,
a1965773-357f-11eb-b418-001a7dda7111,,a1965773-357f-11eb-b418-001a7dda7111,,a1965773-357f-11eb-b418-001a7dda7111,
a19804ca-357f-11eb-9a8b-001a7dda7111,,a19804ca-357f-11eb-9a8b-001a7dda7111,,a19804ca-357f-11eb-9a8b-001a7dda7111,
a1980590-357f-11eb-b744-001a7dda7111,,a1980590-357f-11eb-b744-001a7dda7111,,a1980590-357f-11eb-b744-001a7dda7111,
a196572c-357f-11eb-b90a-001a7dda7111,,a196572c-357f-11eb-b90a-001a7dda7111,,a196572c-357f-11eb-b90a-001a7dda7111,
a196a5a1-357f-11eb-8c10-001a7dda7111,,a196a5a1-357f-11eb-8c10-001a7dda7111,,a196a5a1-357f-11eb-8c10-001a7dda7111,
a196305c-357f-11eb-b077-001a7dda7111,,a196305c-357f-11eb-b077-001a7dda7111,,a196305c-357f-11eb-b077-001a7dda7111,
a19545ad-357f-11eb-b9fd-001a7dda7111,,a19545ad-357f-11eb-b9fd-001a7dda7111,,a19545ad-357f-11eb-b9fd-001a7dda7111,
a197b6dd-357f-11eb-b491-001a7dda7111,,a197b6dd-357f-11eb-b491-001a7dda7111,,a197b6dd-357f-11eb-b491-001a7dda7111,
a1978fa4-357f-11eb-8a1d-001a7dda7111,,a1978fa4-357f-11eb-8a1d-001a7dda7111,,a1978fa4-357f-11eb-8a1d-001a7dda7111,
a195bacf-357f-11eb-ae3d-001a7dda7111,,a195bacf-357f-11eb-ae3d-001a7dda7111,,a195bacf-357f-11eb-ae3d-001a7dda7111,
a197de2c-357f-11eb-9fec-001a7dda7111,,a197de2c-357f-11eb-9fec-001a7dda7111,,a197de2c-357f-11eb-9fec-001a7dda7111,
a197b710-357f-11eb-92df-001a7dda7111,,a197b710-357f-11eb-92df-001a7dda7111,,a197b710-357f-11eb-92df-001a7dda7111,
a1965770-357f-11eb-b69a-001a7dda7111,,a1965770-357f-11eb-b69a-001a7dda7111,,a1965770-357f-11eb-b69a-001a7dda7111,
a1982c51-357f-11eb-a788-001a7dda7111,,a1982c51-357f-11eb-a788-001a7dda7111,,a1982c51-357f-11eb-a788-001a7dda7111,
a198059f-357f-11eb-8991-001a7dda7111,,a198059f-357f-11eb-8991-001a7dda7111,,a198059f-357f-11eb-8991-001a7dda7111,
a195e1d0-357f-11eb-bc03-001a7dda7111,,a195e1d0-357f-11eb-bc03-001a7dda7111,,a195e1d0-357f-11eb-bc03-001a7dda7111,
a1982c0a-357f-11eb-bff8-001a7dda7111,,a1982c0a-357f-11eb-bff8-001a7dda7111,,a1982c0a-357f-11eb-bff8-001a7dda7111,
a1982c61-357f-11eb-b540-001a7dda7111,,a1982c61-357f-11eb-b540-001a7dda7111,,a1982c61-357f-11eb-b540-001a7dda7111,
a1959438-357f-11eb-af8c-001a7dda7111,,a1959438-357f-11eb-af8c-001a7dda7111,,a1959438-357f-11eb-af8c-001a7dda7111,
a19768be-357f-11eb-9ddd-001a7dda7111,,a19768be-357f-11eb-9ddd-001a7dda7111,,a19768be-357f-11eb-9ddd-001a7dda7111,
a1963014-357f-11eb-95f2-001a7dda7111,,a1963014-357f-11eb-95f2-001a7dda7111,,a1963014-357f-11eb-95f2-001a7dda7111,
a1978fc1-357f-11eb-9690-001a7dda7111,,a1978fc1-357f-11eb-9690-001a7dda7111,,a1978fc1-357f-11eb-9690-001a7dda7111,
a197687f-357f-11eb-82e0-001a7dda7111,,a197687f-357f-11eb-82e0-001a7dda7111,,a197687f-357f-11eb-82e0-001a7dda7111,
a196f3bf-357f-11eb-a443-001a7dda7111,,a196f3bf-357f-11eb-a443-001a7dda7111,,a196f3bf-357f-11eb-a443-001a7dda7111,
a1956cc4-357f-11eb-ac83-001a7dda7111,,a1956cc4-357f-11eb-ac83-001a7dda7111,,a1956cc4-357f-11eb-ac83-001a7dda7111,
a195bae3-357f-11eb-b1e7-001a7dda7111,,a195bae3-357f-11eb-b1e7-001a7dda7111,,a195bae3-357f-11eb-b1e7-001a7dda7111,
a1959430-357f-11eb-a247-001a7dda7111,,a1959430-357f-11eb-a247-001a7dda7111,,a1959430-357f-11eb-a247-001a7dda7111,
a1965708-357f-11eb-988d-001a7dda7111,,a1965708-357f-11eb-988d-001a7dda7111,,a1965708-357f-11eb-988d-001a7dda7111,
a195bacd-357f-11eb-bd17-001a7dda7111,,a195bacd-357f-11eb-bd17-001a7dda7111,,a195bacd-357f-11eb-bd17-001a7dda7111,
a196a593-357f-11eb-9015-001a7dda7111,,a196a593-357f-11eb-9015-001a7dda7111,,a196a593-357f-11eb-9015-001a7dda7111,
a1963024-357f-11eb-8f7d-001a7dda7111,,a1963024-357f-11eb-8f7d-001a7dda7111,,a1963024-357f-11eb-8f7d-001a7dda7111,
a195e226-357f-11eb-815b-001a7dda7111,,a195e226-357f-11eb-815b-001a7dda7111,,a195e226-357f-11eb-815b-001a7dda7111,
a1956d10-357f-11eb-aa4e-001a7dda7111,,a1956d10-357f-11eb-aa4e-001a7dda7111,,a1956d10-357f-11eb-aa4e-001a7dda7111,
a195bb44-357f-11eb-b1e1-001a7dda7111,,a195bb44-357f-11eb-b1e1-001a7dda7111,,a195bb44-357f-11eb-b1e1-001a7dda7111,
a195e1df-357f-11eb-a578-001a7dda7111,,a195e1df-357f-11eb-a578-001a7dda7111,,a195e1df-357f-11eb-a578-001a7dda7111,
a19805b5-357f-11eb-ae9c-001a7dda7111,,a19805b5-357f-11eb-ae9c-001a7dda7111,,a19805b5-357f-11eb-ae9c-001a7dda7111,
a19804ee-357f-11eb-8016-001a7dda7111,,a19804ee-357f-11eb-8016-001a7dda7111,,a19804ee-357f-11eb-8016-001a7dda7111,
a195baf5-357f-11eb-9e7a-001a7dda7111,,a195baf5-357f-11eb-9e7a-001a7dda7111,,a195baf5-357f-11eb-9e7a-001a7dda7111,
a1982c50-357f-11eb-900d-001a7dda7111,,a1982c50-357f-11eb-900d-001a7dda7111,,a1982c50-357f-11eb-900d-001a7dda7111,
a1951f03-357f-11eb-bdcc-001a7dda7111,,a1951f03-357f-11eb-bdcc-001a7dda7111,,a1951f03-357f-11eb-bdcc-001a7dda7111,
a1978fc9-357f-11eb-a5a0-001a7dda7111,,a1978fc9-357f-11eb-a5a0-001a7dda7111,,a1978fc9-357f-11eb-a5a0-001a7dda7111,
a1965752-357f-11eb-91da-001a7dda7111,,a1965752-357f-11eb-91da-001a7dda7111,,a1965752-357f-11eb-91da-001a7dda7111,
a1951ea8-357f-11eb-904f-001a7dda7111,,a1951ea8-357f-11eb-904f-001a7dda7111,,a1951ea8-357f-11eb-904f-001a7dda7111,
a197de29-357f-11eb-bdae-001a7dda7111,,a197de29-357f-11eb-bdae-001a7dda7111,,a197de29-357f-11eb-bdae-001a7dda7111,
